================================================
           RESULTADOS DO GRAFO
================================================

Arquivo de entrada : grafo_2.txt
Representacao      : Lista de adjacencia

================================================
  ESTATISTICAS DO GRAFO
================================================

Numero de vertices : 49948
Numero de arestas  : 1299794
Grau minimo        : 1
Grau maximo        : 112
Grau medio         : 52.05
Mediana de grau    : 55.00

================================================
  COMPONENTES CONEXAS
================================================

Numero de componentes: 10

Componente 1 (tamanho: 25000)
Vertices: 1 3211 9132 13685 9615 14490 49008 15648 21453 35067 2198 718 42334 4054 37093 17119 1217 45500 34701 10267 34620 2034 22298 18754 45456 17914 39169 9279 21324 20449 8947 14257 28580 30586 16717 6974 27733 31563 27840 6398 15793 27672 87 46865 3329 7869 3678 32749 28106 22641 8062 2446 47965 36907 28370 11478 19572 23346 27241 25010 40697 38507 22589 27242 44726 18278 27542 49865 19501 45897 49668 18271 3787 25051 27021 29367 3269 19498 3663 20916 24003 35648 38061 6269 47499 21854 14951 41125 20476 27108 30710 21574 6002 1856 48941 45510 30509 46071 45145 19415 22042 34748 7259 28062 8530 29665 1766 8097 15650 3349 835 28185 4241 12224 23728 35709 22068 42636 11973 22591 6617 17699 37786 13418 27326 42182 47094 31075 22888 11645 32479 30284 4837 44362 18439 29368 34871 33476 29632 34922 2541 12222 42797 29855 40604 44863 35597 36273 24304 38843 2484 13546 45426 6521 13564 28218 25311 43801 9558 48353 5545 46906 32096 11460 41475 28465 1943 40400 40925 16221 17054 15765 31059 47013 21984 16249 13768 31303 29697 17936 44932 7710 5363 29427 3844 13225 48984 42075 44117 34670 22007 35762 11659 30249 19450 11314 7516 12887 39419 22379 12037 36231 38521 12938 48927 19986 48517 36834 28047 46896 6241 2331 40517 45672 48660 24836 20314 9672 42167 44872 45138 1023 22899 49557 44384 25195 23060 43495 25005 32334 8928 34194 21794 3114 25719 9438 13631 17578 43097 20555 18338 41781 28022 8793 20934 15922 25105 38719 24854 44004 35713 30564 26908 32089 42627 27701 30807 15320 15245 34668 34862 21108 3102 41385 40953 2891 48379 11691 1369 9136 33138 25039 28778 12780 6823 5155 4233 34642 757 19872 19998 26337 20903 1395 32852 17728 7322 3201 48104 39593 35147 40089 4844 46989 7248 8420 45060 22656 16167 37682 32611 42679 48777 16204 17241 37903 11526 24229 36128 18405 46598 37848 26197 14094 22519 49629 42048 4064 4632 45949 31176 9660 7411 22691 36446 27816 45591 1694 34646 41796 23094 45702 16279 28663 11654 37694 9446 28583 38797 28506 36673 5681 6004 21499 461 8206 36740 11619 48221 10303 45005 22414 29810 22741 15353 6632 5890 9349 662 4315 20133 13717 14492 17838 6157 8914 20551 27677 45850 25023 16342 21176 28281 36879 28377 37652 13059 5630 17416 19578 6367 1290 46088 28043 8890 41505 7750 19627 26081 15816 9016 38009 10358 13632 28053 6043 15284 36837 4051 15498 36507 19777 4365 20016 48238 48142 5385 3514 902 24297 37239 12688 29476 36178 11199 44340 24778 13799 14816 42202 20428 42687 10617 5693 33365 29064 44370 8423 1338 47601 31503 41004 4167 48774 7806 12634 2507 12569 46901 43647 40574 11766 49550 20834 16988 43460 16870 31601 10174 13178 39810 31453 42135 29936 13417 10799 28969 19039 28847 38261 5137 40078 41815 46457 34837 34493 35471 38282 2553 1221 35201 44368 19594 31088 17775 20649 23165 38871 19080 11584 30527 20051 24962 556 2588 21436 37957 1844 20246 46481 17076 9888 21124 28386 4947 18055 20056 29676 45356 17842 43376 17547 1124 13037 41215 3091 39115 43695 8507 47922 36110 4235 35652 35269 35399 20979 18605 6094 32385 17673 44564 9002 3012 21078 19025 33396 12261 20821 46657 41482 15441 23115 37312 35942 31282 17161 32478 36981 20846 22824 10429 45754 22399 47398 40422 6098 17334 45653 29907 45156 49654 45713 34284 21373 40143 19439 35631 9981 41346 2069 46140 24104 39739 26281 32111 44888 7777 4661 44406 12154 30824 5532 47751 31066 2086 3196 2027 20044 35046 37474 20929 40161 40023 6744 48753 25017 8331 48885 9922 10093 1231 13952 47570 6260 21356 36875 13302 34060 3978 27649 33262 15122 44753 7489 26285 15627 6352 30365 25716 5048 34202 3735 13672 23713 26911 18146 21844 33090 38050 31126 16829 46771 24378 32560 40588 7794 45788 35161 21053 18984 9582 12530 36523 38499 13204 8566 8076 22195 9417 10885 28364 3122 32159 38182 28007 27154 22664 27463 35019 6529 17125 3065 13671 343 13883 38034 22858 37142 12364 24608 14493 21023 10312 18136 2070 43121 21887 12233 30223 12511 33156 36403 45121 6517 39299 45501 9605 46278 28404 4201 22629 33152 9379 47973 49321 32763 11071 5682 9101 35194 40541 28220 23289 33180 20616 2909 22330 28271 38109 28574 44972 30584 18785 20459 37925 26179 31189 32785 1440 48653 5677 47876 42834 4928 5441 27485 32798 17099 35230 44782 43187 10761 39465 1634 33163 21754 29610 15960 3701 23355 37635 26307 14041 42197 36646 33522 32949 14562 46535 44688 29531 44002 23435 38344 21892 20886 49492 26059 1017 44380 2603 19860 19414 7518 31386 18296 29786 20383 11267 15735 27785 6903 31041 5959 21002 10377 34994 8930 32074 11360 10694 48998 24791 7314 36510 19553 45816 34565 41816 21308 15362 17476 21682 28688 5496 40398 28088 45705 49418 20875 33027 42165 31241 14484 11541 13817 30102 49839 29872 34608 12929 33295 500 30934 42863 7996 29286 27859 599 25292 37465 28346 17740 13286 23924 34563 4004 36852 8871 34881 33130 8432 2357 7767 43579 28026 22321 44419 12055 42973 17698 16697 25377 14869 41506 41074 29898 22063 48520 11750 40261 29497 40334 23328 44391 31268 24534 13085 20199 46633 17917 49900 42091 47383 7525 26002 7656 49088 39210 34838 42941 35287 21847 36295 1968 6965 48322 25531 20088 30141 23140 38622 35339 4724 39891 41903 42480 19792 21207 11799 22566 26971 36578 28589 6026 29834 21449 43713 6342 45238 19399 325 2912 16962 764 29702 26727 4340 8306 10030 33084 6864 14275 37512 48266 2392 45372 8790 8811 8993 34269 8363 42033 10561 25400 13322 22810 35702 46015 22291 34390 34728 48812 39890 9909 40479 21020 26331 24565 27065 10070 47618 224 29164 4436 24031 38349 95 8392 781 18216 26900 39491 31063 3542 34270 5271 26557 22831 24845 43871 5129 2903 17155 37614 2824 48279 43154 32954 30155 44703 48471 35208 23532 9586 2094 3802 6573 38287 16269 32130 5322 27481 6524 46764 40028 46524 13775 3946 48235 36909 44530 35198 42213 28513 8783 13620 44527 40 22024 6028 23352 26904 19348 44554 13977 26351 23772 14340 33478 17955 38754 5541 8630 15500 24919 7577 43909 14566 46619 40794 28177 15059 8956 4118 13758 14735 10559 44305 1917 5432 27938 38268 22248 5529 8265 47291 5278 31310 47849 45112 6946 3367 24978 16863 33193 7546 38152 24567 19542 46838 34152 45462 40783 31138 33544 19299 17016 31841 30333 42777 22616 29491 46821 12681 37639 11335 27375 3639 19972 23517 37348 34166 44704 17761 39400 34232 14475 41577 33426 29114 36935 5855 13683 18813 7959 44428 10084 33343 43739 27636 34689 21495 25700 38938 5131 24512 16082 69 11756 24009 30656 26089 36159 17722 40063 336 44572 21898 1139 16828 47926 31913 3322 9154 25711 30820 9711 2893 49532 45625 9990 25584 708 1545 42883 19832 36700 43520 15102 34137 1549 3075 32333 13138 16071 24834 25016 34471 49729 47299 11407 8154 47731 22271 19615 8746 24197 2913 17563 41013 16101 46914 15791 24018 11717 27603 36831 8584 20900 45363 25581 9572 17807 48040 34451 38256 27566 23852 49920 12440 16726 33644 12453 30288 19869 34975 43156 24713 28504 26991 5765 31131 14552 5835 32823 13600 5750 35164 32141 8281 20766 30457 48258 46246 14831 5802 12184 5575 45232 24456 24862 46415 27348 11279 38365 22636 14658 35975 22014 17809 5965 43454 21559 49941 17972 50 23388 25742 20382 45863 30902 3972 45293 28781 27519 21700 11598 37471 426 6074 5454 15456 25753 9445 17942 49256 18025 9073 34241 48465 36827 5913 14586 31632 29059 15638 16618 30712 10260 5108 14891 7684 34730 3780 16803 6814 10147 41628 40701 44400 44765 19169 39374 16636 22850 2976 35934 5467 39550 23681 48906 49528 14505 4607 34365 47039 5077 14677 49276 2805 44778 29747 10333 47497 9547 35070 3907 31218 17311 26977 3027 19704 19001 13511 23739 22715 48978 39297 36855 17260 36168 21598 4763 20223 36835 24063 39200 3092 47253 26673 10980 12442 11661 24852 40705 3400 28768 43961 29604 48576 44906 2251 43654 48781 46913 35308 19325 2579 29530 39302 47257 19407 41521 25659 8357 31440 19095 12902 38145 40942 40825 9089 45169 11412 31763 9343 35311 49292 22318 34377 20632 19085 40494 27811 16231 2926 27236 8434 7599 44175 41926 31243 22689 25296 6977 43424 303 7571 17759 44015 48575 37318 20536 9305 29454 13916 22540 25773 34763 7085 29058 43356 10628 10530 4843 38572 32850 3299 13100 15683 20377 11863 8348 11932 49874 6444 48455 7068 28898 29049 24417 44407 39604 1412 18270 37732 37246 34329 46146 12881 31622 34543 20309 43084 19767 36010 39742 13846 30027 737 15930 44266 316 28825 6303 7819 42795 10854 45810 20312 6380 1211 32312 32860 42665 23259 37008 36882 27350 35140 11782 28765 235 48616 21706 43463 11686 7222 28293 1257 20696 23391 10410 10387 11719 26145 7444 17871 28086 44422 27378 21663 15712 21626 20386 32322 46546 23411 21544 38911 40053 20096 46993 34967 36667 42858 11179 34100 19262 1554 13923 11646 48600 44352 20249 5038 993 44574 15957 4053 18425 10233 8469 173 22297 29830 6791 19427 10125 20761 12219 11160 690 12016 35012 33500 42102 23304 9375 6237 47331 5512 8216 40013 10123 44007 13467 42884 14060 4327 40590 16094 39608 18976 30214 11023 1837 28610 43568 28371 8325 40136 6277 15219 35034 9793 3174 9619 30416 32124 269 7246 709 45852 40835 14616 38535 20992 39195 43625 43800 32403 20594 48874 17741 7436 32421 6177 33627 45847 47005 10585 14560 10758 39474 11816 45370 26011 179 7407 48953 46228 5391 10943 29329 34448 20466 28704 29069 3933 16298 44553 38953 25575 32593 15160 23937 3695 47804 10341 36697 20180 47305 24816 40359 17731 27488 10245 22885 12693 47274 47267 17566 22879 45461 41112 40121 36269 4237 46167 6706 29843 43634 27842 14518 12894 43846 15037 30192 37883 7854 19929 1144 44268 26835 8887 13280 22469 37404 10206 25289 20275 10582 29165 11117 44179 44040 31519 12486 25793 15003 35573 13700 6662 24311 18965 10931 21388 37782 13221 4169 15063 43054 38235 311 6491 23901 22843 44378 25003 1140 8602 49330 38399 14927 12148 10096 703 23928 8882 45577 8840 4994 9841 44546 9954 20938 46332 20192 33148 36618 12656 49939 25122 17503 29466 22754 40628 9779 39837 32799 14713 29689 21730 15783 40337 22240 36045 1331 10523 30245 42844 45942 41828 15483 25624 27648 42019 42124 40807 8548 32647 42418 7074 36033 32574 43668 30314 14545 37116 44944 34231 47843 12208 15603 25565 40613 11211 40302 40431 37389 12060 23332 30622 5540 38047 31164 40150 47998 2842 45042 20416 22602 39619 45308 38604 12976 15092 3215 20591 9570 40062 28055 47438 11761 4153 26287 47747 45275 23692 6925 47197 35018 46337 10456 7879 6258 14798 1745 27644 33440 37077 17683 16847 37209 29591 23567 21817 31266 13080 47598 16010 45660 35680 37884 29260 18755 27106 2813 22262 10145 48967 41061 18177 43915 38163 20851 10352 19318 16623 19021 41404 283 8407 48325 43323 22250 22930 38094 35315 19151 24411 20776 19140 7251 46494 17813 17560 41258 25018 25473 16008 31079 49727 15179 5153 9295 22213 10557 3483 41989 10068 18744 31222 17874 33280 45464 40332 45693 8786 1933 9027 34761 28350 7816 27631 30693 46290 31607 1084 5369 25060 6305 11599 6115 28628 3473 40256 18733 10121 611 34499 24610 27706 18459 31919 25744 20352 42465 9394 32641 19493 45647 12263 43513 7179 42199 24960 12014 7260 9640 485 28971 15764 11687 21904 19433 12122 20131 41863 684 45952 30607 44962 24153 17869 4300 47882 13072 44954 18848 18266 48852 17616 12738 33324 12588 46728 20667 38062 7434 37326 48442 17316 16685 38730 15911 13841 48675 2613 10951 47002 195 75 49754 32750 4319 42850 38701 24751 2863 29177 27152 9332 36802 2242 47875 9229 40492 40153 18613 40325 18386 29645 48007 31150 18105 12721 33066 7930 44381 14642 40386 7244 30636 48658 37569 5200 16704 42381 30703 14342 44427 36254 37522 29827 25731 48047 28241 49853 29122 48387 32110 49514 9109 10543 17169 34578 15660 49933 34310 40129 9949 5124 8187 35106 47458 13565 41587 11122 45483 38068 38806 13105 33757 15438 4386 11258 47860 7155 26414 498 28901 26212 24398 37655 5880 47465 12178 46086 35218 26189 45599 48716 21737 35681 34463 2405 31289 44120 17769 10657 31084 45801 6612 17332 43442 16365 48090 37021 28033 16220 10750 21021 37005 14994 28347 6950 16047 17403 6334 28832 35516 34405 5730 15740 6866 37013 46578 8990 38202 22557 5665 26970 36152 11240 18442 23927 6900 34910 12041 6200 20682 8413 5510 49815 28362 24702 18145 39865 9608 2121 44756 34771 9695 45508 38272 35291 12911 3077 33744 30110 38908 7921 17681 34829 6824 4275 15856 44281 13390 8999 23524 19478 13282 11992 20460 16996 27381 45570 14105 26729 48228 19961 39492 30294 4385 34425 48752 5488 28010 33742 24360 1597 44243 42948 17973 36438 34381 47740 31403 31065 26619 29407 43483 31810 47393 25813 22461 30867 29300 47156 14277 43777 3611 24867 1974 4342 36133 27639 31275 26050 49599 45899 46944 25869 46863 10976 20286 47286 4177 7427 22187 8063 44338 33810 37405 22077 41936 4929 10495 42390 44019 18171 28440 9013 26028 22730 22431 21095 18546 28279 8035 10152 35303 21062 45929 28812 13001 21183 23152 42775 47249 44664 33589 32040 35396 27713 21762 525 44561 41614 44927 39130 11787 25539 40720 49938 35645 17555 43158 2154 24380 48084 41195 41170 32414 18103 37811 47353 29395 12021 23800 42720 24564 17451 2786 39094 18287 38214 28662 40540 45999 12906 16390 29554 2516 17841 23491 28991 16477 15062 38602 42608 42417 3428 37832 41632 12086 6079 28457 33756 350 29184 23356 21143 31615 41329 7448 48054 37251 46970 2014 2415 49653 46151 48223 30875 22816 5336 24715 47925 46305 44720 35831 38155 26504 3425 38166 5486 10179 183 27263 18521 19672 36459 26253 43708 28697 4847 9425 42755 40747 48966 15753 9603 39957 21094 11167 30643 24690 14282 7487 48804 4326 48172 9538 11616 1618 9920 33435 38393 18418 3121 13008 16625 8893 13524 4534 67 46181 36317 1963 38803 40021 17131 49483 16768 35284 5342 7728 35715 23286 28302 1852 17947 49614 30858 46416 14312 47742 47805 19724 5515 15540 14982 6180 32138 22144 16381 37138 11741 49343 6924 43896 11905 47516 33169 46620 20239 47796 16099 24370 48201 12812 31628 1076 38482 28540 10645 17023 40555 8233 5513 44424 23101 4213 6158 25206 15095 11582 41487 943 34171 41154 31715 16040 20017 5154 10126 21450 21816 33990 938 42466 12758 48747 6350 8475 12140 20387 33473 39376 42697 27329 37677 25012 145 48130 289 45414 8931 14669 12069 16877 38332 42871 35168 6997 6772 4351 34891 39500 12620 17607 2202 3254 1229 44638 47185 19624 47596 33945 25496 49456 9078 40962 6555 30637 26199 40402 10487 49302 9694 13444 14967 25260 15103 36021 9134 18996 25187 13893 23303 7650 42456 42161 10416 17500 24728 43175 25573 18960 885 8935 37951 31488 8282 2301 48454 11260 37240 18722 6679 22650 11561 49118 24621 2932 19500 798 41483 28541 22937 406 45113 23757 27238 10421 12332 32727 11690 20981 4957 4770 45271 35316 33376 4334 33672 49017 15152 47780 27482 44200 45782 10945 7139 28899 34402 4305 49093 20678 30748 47449 3250 23465 47861 42306 36367 25439 28305 26584 46558 36606 22292 14227 19119 49143 28883 39059 28059 22900 18095 25554 32828 44929 41491 7262 19778 32323 45574 37506 23869 14843 30513 19526 30891 14521 39640 42231 17733 43737 4777 10535 9959 22651 20646 47593 22563 28449 49846 15403 9032 4277 2606 27127 39515 19670 28726 249 26841 11006 39769 43793 46911 45869 3814 48808 27647 13766 18700 35946 19226 16155 39772 4722 34312 17094 12722 23641 40088 11785 45708 21990 29302 38183 36554 22536 3620 11096 33431 27800 14059 38269 17224 15726 40254 33042 36656 9465 4322 34703 41086 13265 11674 37183 47428 338 9835 19482 22529 26666 10232 49724 30454 28090 26574 41804 4998 26998 12946 27306 47180 25204 32233 14820 32965 38532 34467 34088 4684 18924 14480 42318 45551 6619 5520 43029 2808 16781 7408 1859 12331 44882 6493 21759 15785 29902 37034 15224 28221 6781 38419 14471 13198 36312 30436 21241 41241 3595 14458 31856 38540 36037 18464 22825 45575 41835 4166 6275 47444 12216 36518 32109 4808 19319 22448 25501 37982 21232 39820 11577 8683 35222 23848 246 38633 16976 30679 17049 22737 47663 27333 7938 32391 22029 31490 26849 31638 47179 46346 26881 39546 41372 7093 28068 102 7680 15790 49117 29699 22652 1937 30536 9303 23719 7497 34407 41364 4282 4669 8221 48619 2572 16051 18948 17604 47566 24985 29613 20372 8488 9096 4372 24301 14508 25169 31700 39322 7782 7303 9270 34447 20147 36095 4657 44460 22106 46090 7177 10247 48603 24277 22490 6163 18250 17223 18543 22783 30450 43738 24502 48323 46393 21211 7762 13415 48296 37985 5064 32033 5067 47170 16050 40258 30408 4730 20336 2103 35919 9264 36020 5298 17535 13850 37988 27388 47555 45637 32079 30474 942 32365 44668 9507 16076 12482 49763 2757 6270 46584 42560 3952 18736 30310 43004 2134 44045 8484 29848 1865 35562 45837 45759 43485 37972 34939 23618 25652 39659 45386 25768 27626 13753 31906 49702 45090 46340 47141 5318 48231 48273 16149 17199 45222 29085 15933 46123 26787 24074 17143 38433 47418 932 13951 19437 17055 34172 12072 40410 45940 17281 21012 29094 26126 42166 48050 5824 25315 9488 2938 574 27433 34010 37441 21359 12614 23279 9142 49194 10806 46111 32076 45736 2968 17707 28048 24493 1180 6467 10450 6489 27844 33048 30475 21284 49324 18099 64 23929 3733 42976 42157 25029 21909 7719 49081 7893 13328 13383 42254 14113 45872 12190 19712 4594 138 21279 28627 27602 29385 42362 23054 26422 22610 8821 25432 37148 31292 41566 36500 20742 15725 21480 17200 20061 48830 41722 22090 20596 13065 29180 23076 18472 46330 2380 48029 14860 30344 12425 22791 6863 2460 46520 26775 31959 30358 25008 17065 23400 13999 44104 21558 24673 43302 7187 48534 7232 37416 3239 5993 18259 30346 8006 18931 43018 11865 32530 23042 35129 26982 35038 6912 48375 24358 27212 19364 19589 37897 39183 6091 34478 16759 39325 18165 35792 25633 25759 44915 9554 20658 46292 10574 41953 6840 30948 44262 37503 9092 10886 2761 37685 45469 15800 48488 24726 29458 21691 34570 13089 47208 19694 16526 13731 46152 31570 15449 45065 5401 15430 3873 15419 38289 19833 16045 8457 30617 5768 13615 21633 30261 34099 11220 15903 38321 36621 26459 27248 39366 42244 3676 1375 30442 47363 39148 47573 34679 21920 577 18796 16143 25790 20248 43995 20447 49060 12074 1824 15679 19137 20326 18718 15984 43981 9789 4961 47791 512 3142 30461 41374 26155 20541 34980 40353 46559 11379 3682 49056 47295 14769 5945 44016 36100 2387 19547 33449 43511 43872 48305 39523 47787 11301 27923 42694 8788 12116 25503 16719 24299 45474 39554 2674 32287 17811 47233 31134 26008 26350 26072 5986 2477 4489 27804 23014 2496 4116 20389 31061 21486 12771 1306 26752 40286 23595 18478 22113 27038 17375 34380 4298 43470 45203 2063 49509 12329 40117 8765 24452 39017 25304 19166 45944 7877 24079 40856 141 30309 42632 23786 34242 37798 23064 2659 16658 715 27625 15571 35814 45360 2481 22301 18532 22453 21919 34042 18168 12038 10717 22309 26697 18668 1861 1292 24006 23063 24159 32203 43176 10210 21802 26063 19176 48109 44986 22983 34387 31674 14176 6534 5523 41861 28322 25298 38410 6778 38870 8716 34209 1994 1240 28878 2628 9632 22103 19160 12600 10900 18794 25638 21636 49733 23793 32966 45259 3851 3309 3513 32450 21604 4422 6112 43162 22910 21842 49523 34695 22746 35272 34230 27678 23166 20421 17229 25458 33093 2772 15732 433 24581 21528 39549 39863 23982 15214 10635 29026 42189 12452 26183 8952 48064 42629 6126 32341 37947 27550 40712 19438 45495 26547 22526 10287 31727 49114 39931 28725 42032 14217 16110 8402 30221 49818 31606 27090 16497 46790 23735 2355 34509 16235 3167 36284 34723 11979 16491 11197 3156 44538 26436 47993 15077 38257 15047 22100 8976 32082 10759 3617 35475 39231 16577 49304 36821 32687 2105 44195 35530 39053 10050 5434 29294 10546 13460 16808 23883 21349 41528 17810 11213 9696 36389 27961 11290 26003 39197 21210 19663 6516 7212 25596 36572 10507 39285 37151 44020 36665 49465 39340 19845 29193 10711 43958 40597 17504 35554 1109 4450 18719 13303 15337 37834 49563 1613 29641 34814 33312 18986 19661 8350 46932 137 28099 21571 32143 16283 30520 6228 23707 35307 12578 45505 3300 45682 25086 44589 10649 24338 19184 35945 12172 3008 28524 38382 23296 16796 40813 39536 15923 18281 15515 13323 39627 46238 31798 3794 41831 14189 12265 21140 39998 25146 6286 30922 33514 5288 23272 16543 31382 42611 30836 12153 19919 11090 48567 48833 45307 4409 38903 49270 19925 43215 48524 35900 1333 11380 24530 2905 42572 38554 241 16341 12109 37481 10465 38126 33828 39648 42928 15470 33855 11386 47934 43012 24910 11056 558 1815 8057 16074 37198 42321 5917 1794 22498 38821 41336 27915 39408 46345 31156 27117 44827 25826 23033 46533 37401 43291 33264 33974 1074 8222 42962 11881 25502 5285 24838 26429 20018 27890 40646 28570 1935 16646 29405 23120 4695 19970 15117 30100 42876 28268 17765 11927 22008 21271 16673 4862 43682 31557 40450 8032 42270 5404 24495 2132 25767 28749 3943 16801 46342 44702 24072 40351 15734 43964 46439 1298 41682 11228 26296 1566 10171 41802 40071 24467 42164 43866 26877 36139 8307 17144 35917 3429 39764 22809 33097 12107 13946 13048 3297 23036 18786 43177 37282 25547 40475 306 3506 3059 45286 16028 4207 38440 8528 23684 882 5312 42943 13735 1858 27896 18883 13526 32301 32780 39708 24044 16056 49290 32945 42310 18408 31605 14089 45257 4981 34900 3332 32584 19619 43899 2964 49814 13643 362 33197 28144 44611 5942 29312 18193 24855 35336 44757 24295 16124 5740 42915 14610 5672 47493 29572 47632 5827 5019 12291 19455 44745 41805 20812 2061 21806 9832 37779 16026 23104 7858 13866 41365 38314 32340 33683 23805 32768 8034 12973 44231 20464 48917 16666 17441 21448 46031 12499 46682 22234 3394 6714 37001 46363 28378 41429 36332 35901 12237 36586 23338 41895 41000 37447 16114 23723 22324 17583 19901 37051 12704 42964 29816 17600 26209 24622 46407 44783 19018 47392 36294 13917 29010 45538 33793 19993 5626 6625 31637 18502 3164 31497 34338 23755 37486 3039 2161 29706 28430 13636 37057 29280 6846 8997 1619 38401 23855 17995 31175 48284 27279 21224 29192 49870 12238 39319 23878 40863 7192 741 18576 21345 29730 22280 18479 20523 6780 46588 43959 48623 14427 41438 28184 9992 8149 39926 22160 18430 20429 21051 10801 39165 32980 12855 27187 8092 17630 22386 3157 16735 29044 4828 26510 5558 32502 45163 25180 6944 6272 28337 2170 42600 4469 32984 40087 614 27989 15655 47109 36753 34633 28693 22908 23969 46978 26187 4980 10639 24740 9248 41059 27881 14654 38728 16349 46478 32053 48554 44138 5920 47207 43766 1005 8273 46840 22665 2360 12539 40654 25854 39073 7989 2833 14970 37722 13248 14355 33738 14940 136 26332 4885 31887 44521 36346 32364 20175 23591 35505 28294 30806 8881 45737 33456 23499 5686 18117 23820 15570 29599 16773 9123 18029 15796 41763 11860 31201 8272 27739 20890 13828 21768 45603 19431 30550 39185 4825 9053 8701 14716 41560 8523 35020 41853 21376 23072 15702 11620 33106 35627 33956 29654 17385 10804 18793 36709 17100 35395 49917 19532 30702 9898 34293 49146 46255 49704 2701 31482 25329 14608 5132 37660 40669 19224 298 46143 24403 207 4087 13623 37661 24205 33620 46640 38146 48256 8157 46260 1789 33115 9398 4005 19356 19562 24255 34858 10845 8627 25718 40166 34793 541 31882 25925 9594 2764 2279 37785 473 31613 36464 27964 9639 575 20782 47306 33258 16084 3789 9008 36436 30143 42352 23249 17672 24781 22597 40057 47556 26896 13721 1564 43360 8972 39382 38514 18598 45172 22018 41946 371 5384 18833 41414 40218 19991 38370 49597 28225 46396 30972 49595 40024 7583 37554 8542 2236 14111 35053 4377 42059 46104 49633 42430 25228 43761 5175 23336 44948 19294 9654 4900 46116 26052 34167 34943 14656 7661 5699 25125 13473 3490 31824 30206 38279 25361 17723 21061 38095 13284 32497 18795 35335 3123 7118 41730 6713 31501 1565 46577 17966 28288 12977 6892 10437 41833 30689 30014 39267 45545 49739 5676 36138 35544 33218 44508 33302 46200 42804 44987 38877 11163 20509 27858 10258 29731 4851 3997 49182 7134 14679 43300 19799 9162 13940 2559 31515 39345 15873 34898 45075 31836 8065 46929 43267 18844 17121 25758 12202 36190 49676 13914 5967 34520 25055 37492 10676 5346 25305 43200 16023 35029 19201 3732 6207 4974 11847 41359 1476 21607 10047 49473 6423 17996 34098 26426 42331 35711 4222 40111 8228 24492 31319 16152 31348 7433 5988 24950 39278 34918 12508 31242 41710 29351 12573 16097 7850 24048 47677 46000 2636 42185 12262 1353 14215 9011 10196 29120 8397 31014 12647 36880 24549 17132 48293 31999 44657 34196 21616 6971 37278 12703 43951 16611 29692 5525 19397 7601 3399 35557 32554 33305 25684 4920 44318 9066 4057 8877 43772 27216 46453 22581 509 25726 42859 16062 8889 1640 39263 17551 33977 24095 151 6649 4543 21327 39800 19831 28369 6234 33316 30804 7492 18601 25234 5482 28492 8214 18321 2450 38720 45124 31734 24219 39171 39075 38008 38950 43705 49349 44074 35093 40242 33577 42287 36029 37753 22346 21687 14737 5182 16536 963 37922 20288 34815 16111 14754 19667 7822 1642 17590 43788 43441 14161 35635 5231 44423 35383 3279 18720 46280 19363 49782 48366 6401 8090 40265 34344 34251 18107 37092 40653 19076 10887 16876 40648 39605 35497 35693 25787 34145 48584 2595 37733 24029 26463 48262 26075 44210 3442 18053 10346 30140 506 25754 38867 45590 32442 27001 25178 34017 10842 48969 32724 5612 10593 32889 29456 8358 19863 48372 24724 32288 33988 39990 24538 49655 15568 27912 43889 39918 10054 3609 19182 23791 21569 47637 34596 29408 37863 41091 24235 9173 34433 9761 28332 17897 6085 2621 16904 26635 12498 48318 38819 29007 3954 43193 21517 26683 43815 40999 33925 44961 15273 11130 49488 4297 22157 8728 21185 3419 299 46801 20590 24786 14226 39159 39312 17657 12718 31612 9745 38688 9035 29536 43580 41459 6658 20504 48308 31159 37322 11781 1077 44883 7180 48934 18650 38524 32025 46426 47832 34875 34254 4172 21235 31283 2424 42322 9877 8095 33573 17957 46629 14999 1100 25007 30268 47151 43681 38696 39971 48123 38584 34400 26879 24185 36813 13367 8401 11062 49440 31345 31533 28274 16771 4685 2749 4907 26679 2196 46422 42869 46542 38134 4210 9481 41818 11423 24602 17015 9014 29785 20149 6891 1294 5817 7017 5876 36599 49886 24931 43837 22681 18900 40817 18529 46502 9786 32219 2668 36353 12013 10504 30984 15820 47224 5511 1583 11000 37371 15610 37826 40016 42855 12809 7218 25679 43080 42553 20648 18434 45912 35306 44496 42886 5092 14073 47339 3966 16879 8536 16117 25687 43401 27169 37755 10955 23896 17653 24180 31368 14069 13325 48384 2434 10048 31566 30010 44006 35667 41827 24808 41233 36172 10295 10940 32344 25542 23906 12320 46132 21590 46922 25917 23116 48351 34212 33740 36 28118 1729 27554 42807 12657 19821 24448 5464 6967 11134 35078 47239 7053 40444 41138 31854 38787 12615 46890 24882 29023 2428 18652 39136 11886 32260 31898 43249 23422 26068 39144 9165 9674 9444 8844 6479 47741 49054 8694 48156 47838 4861 47026 44897 26190 46928 41943 47567 21060 17930 10165 10675 12723 25409 46285 2351 11890 5974 23799 16305 29214 38660 19798 4768 13437 46541 45419 14155 40983 891 39645 24071 40201 3195 30499 48331 14302 46720 25353 45071 37788 35803 48348 45694 41746 10768 23797 15770 48457 16923 8239 43428 18122 47929 48960 37599 2673 24847 1454 34613 728 13496 8050 27613 31902 10420 42253 24121 13588 12596 48115 15772 37981 19612 37500 27113 16841 26555 7382 41949 23555 24570 40046 7909 6685 48193 1474 45050 11664 26117 17450 40573 38372 12353 45946 22413 7962 24656 44468 34398 16215 33818 45518 16919 48245 37171 28966 33075 39899 21908 39082 7274 43170 29840 2978 21505 39989 47477 49309 19656 28828 8479 31962 8253 27041 15080 1215 6966 36651 44216 38925 28152 33102 40490 37270 46072 22427 40934 13237 4934 38322 10330 1799 46975 19351 42074 28416 1928 14974 5696 15283 40771 44057 10573 22807 7774 18260 11367 49100 21255 35824 8152 26163 49829 47358 30533 17520 48938 4106 25065 19448 18644 2256 33631 41567 29716 5547 41188 28932 31234 39582 4030 20664 27794 33086 47407 14012 26487 31144 13069 44982 11376 46127 22246 35892 29244 36212 35419 35936 7895 14538 30514 8727 40681 18140 40271 29943 15906 9308 35114 41512 39009 32346 7397 42846 30954 15476 15325 1026 14640 29126 6432 49610 41038 8917 6832 13985 10872 34639 40570 5536 20481 13177 41206 26840 469 5524 10109 9988 33384 903 19917 12108 20485 41925 7309 30247 37409 33685 46392 1350 1663 20277 28473 11219 45097 45148 21824 23881 45747 7186 44958 35300 9005 34316 18981 47158 2260 33886 47721 11288 6641 22643 32443 8899 9957 34504 19800 26614 25497 45931 13242 22570 46276 41493 27632 26480 23910 3360 44301 22030 21171 2848 38522 11949 32084 11148 27994 33873 41246 11432 6681 10834 980 12479 31665 9130 16409 32706 44761 322 30914 37475 40922 34404 15699 7116 49325 6895 45142 42977 16971 31108 10944 16457 33821 28266 35830 21240 43199 37253 4101 9759 10087 8147 46644 9085 49620 16410 8983 21615 24547 20358 3694 49751 23861 38032 39531 7910 25050 13566 29584 45719 24198 43093 4466 44174 40454 7410 44477 45904 43945 42474 5289 27829 8717 19720 35696 29472 17477 44467 8031 7814 24513 19026 1251 11542 44152 27132 15225 47089 38932 7564 25266 41823 365 4232 15604 34992 44259 46702 30296 11437 452 29542 13509 27098 21619 11297 49464 49340 19539 38364 33666 19329 7498 23324 30002 27587 32953 16426 22805 48136 24434 38665 41026 28329 19240 45315 34046 4504 38677 41956 28980 19623 29282 37688 15858 825 18544 4090 24361 38825 30811 7067 41089 17803 41852 31070 11080 40501 28715 10104 32379 48995 46454 24267 10264 11501 34305 12134 4910 47131 2336 35708 7920 42425 44815 37220 1283 44282 293 7510 4165 3098 20553 9577 35844 46647 15674 13596 32881 6024 38422 14413 26385 29767 35472 43327 17559 23710 5238 48160 6577 1291 24276 38595 43977 7358 12716 2809 5456 6438 34743 20346 22382 13258 6850 41564 49077 31635 34833 8619 19878 5761 3018 5082 21127 11303 26372 40086 8731 1811 44763 19874 24365 35426 27412 12049 41548 15621 11418 9811 1411 32912 34630 17488 8687 38910 29938 45749 49109 10269 15014 3759 2565 19599 21972 2018 20586 5292 8367 22635 6743 19148 745 48178 33325 19116 29374 45546 28161 7900 43830 24422 11575 13427 42978 5712 10025 47745 18204 22401 5984 19505 11684 11638 45578 37062 9783 23962 44500 17420 26302 32129 10686 1562 41919 2445 9205 14119 26674 3177 39045 20987 37411 16453 8144 45173 40084 18741 38086 873 37521 20932 45118 32369 37704 24620 38505 17363 12870 8989 16309 9187 33841 14928 40859 30931 33049 29887 9601 28004 18092 28548 10350 22565 20379 30219 48092 13434 30990 15676 4491 35685 6733 47011 49240 30974 9300 8511 7124 47724 22217 42127 43594 30087 35675 2402 14801 44389 48887 23990 37420 2290 38237 44377 6509 27598 39698 9617 16506 7503 239 20933 15928 44237 13807 38229 14644 7087 8102 35098 19289 7526 12133 22294 24386 37258 12337 36768 28403 21573 44931 31797 26318 323 48150 31208 37622 25651 11858 32441 14297 44762 42115 11776 46424 18547 14497 45281 15380 36489 27194 4259 1536 17481 2514 18541 7376 49744 24436 24394 17246 43459 47782 27831 7349 36858 14173 24741 45796 31809 48432 6061 25078 16234 2524 7857 48758 45220 48949 47552 48250 28396 30341 2653 7703 47720 24302 35862 12454 16508 29366 26660 40424 49027 21593 32831 25161 26953 12188 8963 49765 16944 1285 5943 46974 7845 37123 8958 44044 39347 331 5006 30471 9159 24086 46748 20666 39510 10726 8987 48356 28146 43971 46636 17519 8624 33727 26874 20759 28621 27790 44896 28394 518 4958 5370 20829 22682 45277 16825 34692 19617 23690 34343 24027 22963 30898 35771 28950 23780 827 27231 38003 8934 35677 45489 41277 41474 4888 38693 43192 44169 3599 49502 26256 11882 35966 26677 18436 35180 43383 38898 31541 19786 47335 27053 24587 38917 16352 10553 13755 8897 33546 33164 47287 34523 23573 29722 9075 23004 35948 30979 17361 14544 37963 30644 21314 31199 16436 24475 44330 2229 447 1158 18249 9296 24908 46933 35372 46056 31260 23553 6645 23133 2919 21612 43992 21437 14795 10095 18023 36633 39563 43530 18757 48011 17862 21452 29957 19283 29845 34525 9746 4453 21454 48972 12267 26858 36239 3758 22873 10818 20219 31838 26641 34286 7606 27476 20091 16316 15106 32952 43505 49283 28166 8191 43072 10638 20894 32272 45711 33853 30250 45991 26136 41870 22812 3673 23043 41279 43027 23107 44622 42403 12249 43751 5460 42360 16312 17892 49444 34935 159 21 45615 3680 42997 13384 21988 44328 36240 36964 48670 25258 45486 18428 2776 2106 6137 38972 3892 39746 28453 31746 38706 35061 30792 32575 17999 21009 8169 6817 43901 23450 29376 1882 20827 17156 15061 6151 49864 36735 12866 16108 15416 35285 43759 39154 41530 29313 6289 45082 15069 26651 26545 11182 33077 11004 3343 20952 12640 17469 2012 27312 24542 11425 38550 13431 47562 6987 32738 6262 39143 21139 2386 9734 21281 43065 33306 41123 27761 38839 38476 49793 12473 13679 7595 1954 1552 43062 12010 33517 4831 799 42364 24243 19023 22617 15718 29340 24333 33098 48282 22152 33247 48319 46268 47201 26978 39532 20960 2046 13791 5497 22189 46945 34804 34782 45618 8902 42448 45446 27007 19027 13909 33953 7296 6006 42603 10006 47612 26920 43085 29863 44417 40768 42504 28670 40674 35193 16662 39621 42618 45265 48562 18342 264 10636 12965 9307 36914 19142 35932 47078 3270 19730 4070 24173 20977 20687 24717 43726 23858 2102 17232 16960 14817 3445 37899 43661 37993 26527 15200 37100 6979 28097 45525 7441 6481 33213 12220 15492 11850 26888 37155 42008 48636 5197 47175 34061 36031 17537 38781 17521 39553 4729 39203 10889 21047 49019 36841 23743 15871 19233 34738 37498 22440 26901 11172 42374 47330 22902 20561 46934 6476 19150 43014 33419 39858 18444 14440 30787 25615 45963 29637 32374 24517 9590 17884 19737 18602 2679 39409 24227 40971 16044 27008 47716 37393 4895 38441 3070 451 18401 49639 3255 2367 44886 1908 24520 30437 49244 15317 3799 10876 48076 42701 17875 656 21656 18612 43294 46656 34494 35637 33468 6610 37319 37133 37875 19257 48236 19252 24484 22147 47328 39859 2144 11127 36943 16619 21846 45562 26972 10239 14730 42376 47670 22921 37590 4239 15357 38882 22058 9530 32402 26845 15404 5886 30849 25370 12477 12309 7428 32041 23722 2019 22109 2928 8183 31580 43152 35887 46630 41570 3147 23559 37308 44723 18495 21354 28318 533 23041 42289 23596 2774 7022 30812 45010 10250 15366 5631 28550 13453 18396 49140 10185 47443 5184 1810 3792 38567 48259 35978 21298 5206 45217 29991 4866 32504 10447 14938 35541 11014 43550 1378 15391 20832 38725 7313 31212 30541 31889 27133 6601 40399 11538 7919 28664 24412 32285 3365 4664 24075 46105 43015 6816 28296 14010 22707 19177 41073 39777 21940 33926 21435 7784 20918 45405 39133 35655 15487 42778 23774 43326 22734 41555 3657 3182 7520 5023 35973 11567 5058 27562 15395 39805 30413 15665 17221 37555 36874 44722 26354 49136 35439 43910 12138 21459 20849 48829 21392 19483 45891 9037 29153 20407 47292 12836 23496 14987 3266 45953 8639 24130 33225 21112 28813 1426 49195 44635 17428 41386 44901 16184 4015 19963 1999 23721 31099 39847 41261 37182 31388 34016 18134 40020 26647 2777 44734 47279 9261 27373 12071 15835 26808 35182 40638 35393 15213 23667 2916 44719 2420 42273 40052 14520 40131 9573 30886 13857 28132 44697 5763 25295 3326 28014 20270 46474 33422 47144 1952 1742 24501 34151 30983 23809 9070 24987 31947 49697 12426 13318 33411 43488 33080 41562 17046 21781 49059 45601 16602 38993 20276 35431 4093 39909 32956 34653 10177 28483 47643 46192 1467 12844 16055 37833 10166 35719 1103 49101 39228 8485 4625 10003 27408 48027 397 4743 4715 10755 11373 19609 35305 13247 14731 12962 24681 39041 34720 43026 31520 4194 19207 22935 49275 22043 19892 29377 49836 41702 47877 38298 26303 17431 24689 25866 8387 13206 28482 48650 26309 31562 11825 394 44070 5138 25824 6705 7011 5643 36928 44275 44254 31599 6232 4018 10615 9805 33437 10901 36982 32700 42753 19614 7505 30504 28424 39480 33501 40488 21692 8165 40219 32752 23205 45310 5703 28788 35047 13990 27330 12174 47103 12981 4056 42080 45441 17374 1159 26443 47312 5470 464 47857 33961 41633 36495 4280 24098 47259 31034 34791 16129 27687 14549 34691 2335 41683 20603 35986 38844 41605 46183 22317 33403 16148 31801 34752 48035 39282 23624 4255 37618 46496 26824 28194 2319 33611 37094 49634 41396 12880 14076 48724 45382 10894 16398 29920 40132 5130 48702 43409 20608 16206 17388 29874 41269 19270 6396 13154 45064 36866 48826 17471 19736 6897 21438 34266 26786 7509 35665 17993 41622 13279 30582 30973 6246 33155 36641 3251 49152 24964 21546 21056 35605 22615 5950 17739 31342 17978 45190 45215 42749 39388 40304 35355 10875 43685 6779 43397 33271 11899 10789 24671 46113 23696 44442 13640 49415 27067 36398 28579 48268 13064 19403 6139 10362 19265 3571 14115 24353 5326 25089 45880 35267 23857 7586 8007 10299 37121 4019 48310 46864 42759 18035 31936 2840 35360 43044 2300 45771 42001 47600 37748 2181 11848 16459 36412 26823 29701 12660 9667 12328 43417 18750 10139 31308 48451 42224 23943 31085 17615 39359 40216 17081 49201 41498 44476 47101 38534 28211 1121 17639 20306 35400 36227 9687 12264 25227 36749 1581 9930 31525 21366 26587 45009 46704 45553 39511 16146 45001 11487 37541 8383 26073 23477 20865 25286 38280 22483 14821 22757 11205 10794 41731 12372 35225 8831 17618 42969 49540 17788 10018 23066 40553 38712 18070 29014 18488 19999 12023 25202 46471 38880 34221 41756 21481 34974 5900 12645 40730 7113 36435 49279 24368 13357 13131 26548 11489 49898 47212 29941 33489 43621 7956 4668 28358 13421 25036 705 42515 24177 18303 32885 11433 34326 919 43227 38695 44919 25632 17418 25474 20154 16455 22306 9525 19358 46367 713 29515 40284 23884 24691 17491 14743 35727 32202 15269 25957 44501 24111 24823 25895 15946 32451 28505 24442 25368 29586 30 30256 30380 45688 25448 32232 30926 20606 21625 13848 37495 1674 1303 32957 39032 47821 12245 39673 49825 2470 46984 17343 3089 14324 12831 4979 36698 14689 48087 7392 33131 9741 16210 37998 1816 22233 20397 33917 40543 9405 209 39177 5161 7665 14950 23283 32388 13862 43575 9401 47065 31701 43258 15588 15829 1688 39454 32373 33815 3922 3633 49593 37504 47266 27148 16566 2258 36739 20936 7283 30563 11126 42980 9200 49294 22883 43747 31698 34901 38184 31463 29622 12046 47148 22076 7942 37669 11907 17362 24100 41842 672 38681 22356 9732 5057 37965 28880 16562 10136 42104 27004 33700 13201 43802 33412 29922 13878 43314 6760 33735 15951 29208 49298 31591 21823 49174 32872 45208 466 46244 28637 25102 14683 2948 23367 47710 21889 44876 29884 19900 36379 253 29050 46649 24056 20081 7722 9894 2694 1969 3361 4415 26477 20427 12550 47113 45828 38390 6788 33196 12636 44847 24092 458 16384 13884 45735 47610 41088 23185 15002 49711 35250 45254 36341 22869 288 3192 5173 37806 17203 36046 42389 46995 25698 24657 9498 45320 19158 25418 35483 10782 35893 5912 6244 17114 7480 12355 645 22969 21118 43118 3376 8455 28247 7282 896 24858 26093 48267 26558 6822 21939 39131 44499 37136 3653 35757 12864 17056 1959 8068 7863 13633 16116 21645 28879 31783 13613 14325 28375 36348 49458 40947 37818 17961 2245 12786 39247 6435 15164 14295 6805 27707 40030 35895 43688 44608 18501 32163 20364 18167 21222 9822 43493 14570 22116 36453 14117 47402 342 12734 15554 9263 13856 22141 5879 47318 32757 17756 20530 22834 33545 22564 21085 14128 6999 38761 23533 10470 21714 45902 39246 32931 15738 43590 1599 43653 42811 38363 14224 47209 5938 40774 6471 13223 34973 30695 8093 27809 2797 40445 26804 28110 1343 14539 11875 17693 35327 25680 42961 22548 769 34669 16172 25185 7514 5268 44451 18223 41156 3939 10022 33532 13229 22911 38599 32720 30641 193 27663 22016 27865 22909 15941 27328 20474 38508 12708 37110 9830 13641 44618 6225 37313 41490 31361 14558 1576 9802 36969 9531 47982 10098 48698 11324 40599 27758 3130 29459 37386 48637 47846 17467 27177 7194 10212 15326 29557 49024 2131 16413 40670 43873 16779 17899 49133 10225 22272 19946 17531 2283 21662 8173 45445 9240 24275 3208 49922 28951 36863 1755 10735 45715 15877 1830 46622 5953 12325 7754 37902 42251 29042 9684 2799 26431 12053 4897 49295 19938 3485 47183 37003 23746 42039 12050 15090 9792 13537 41040 35825 46067 33055 12057 39257 20003 44864 2083 37967 20605 28890 31125 37932 45136 41271 35737 27795 29162 43013 27658 21072 33356 13733 25348 10328 47746 1720 6250 43596 2519 36963 33505 20522 8787 17981 17953 12706 46899 37042 27376 23601 3009 6284 2169 49804 9484 20701 31712 25220 34280 11976 3774 3705 23038 12547 32930 39438 41148 12406 901 27921 34424 23549 20160 15112 48700 35068 3991 7539 20779 13821 44083 36605 32936 21474 48846 17369 24541 31581 34877 41072 43482 22300 24757 49681 27743 4549 27240 45079 35331 40270 4363 45767 16581 46768 40514 38472 4513 3491 24788 29412 35963 47110 33385 44975 44925 39952 45422 26257 10973 32427 34649 42923 26754 37867 40076 32024 24843 33359 36887 21883 24241 31155 20046 26968 40904 19341 18586 11355 13281 22776 40547 6198 8628 18564 46383 45732 46741 37616 44706 43729 26746 22505 46131 1967 8292 33402 35231 36088 534 38285 18835 7307 33167 16310 20215 13554 6381 46256 9647 39720 12764 36315 44334 21549 47662 1171 48192 8347 38276 18398 38063 47919 43619 18231 48787 36471 47873 36022 39715 4577 19230 25755 29429 45452 6937 47905 40811 45960 48199 38869 19422 35434 47280 49783 45873 11072 49558 3864 18504 21215 36219 32994 41983 44493 21685 15053 8491 14363 39602 27573 34567 24291 17910 27869 38954 10425 49504 37126 3900 30015 4140 42989 33188 34999 79 40992 10733 8385 4175 17826 39873 7206 31967 29112 38031 25386 32230 36476 6919 35689 26222 47355 7027 14916 3646 34634 17347 26909 3704 24794 5983 25343 13267 24763 29062 9180 13457 37543 38227 28236 12523 18403 28718 34143 47265 7511 14187 26138 2751 1829 28584 164 39468 3982 17263 29967 47052 6216 24400 29905 48813 27836 32083 25611 11162 8398 22168 10063 12752 42639 41768 11666 15945 7644 38404 46529 29169 32136 21196 45045 44984 32157 23247 21276 46464 19237 17113 26325 31010 26010 28427 18334 20273 11867 41382 37049 45497 4059 22331 11366 45799 46408 28632 13978 42805 21914 15708 5333 3069 40513 7000 3443 7530 33380 38933 4347 2892 9470 9891 47519 18944 49125 668 38352 31437 14914 13445 31097 13208 14955 23250 12243 13854 16178 19081 3903 49403 34751 48979 4898 23521 4261 2748 8581 38731 31244 18967 40966 41808 30165 41378 45787 27198 41387 2177 6045 12944 25623 2591 33202 47223 15020 7697 42981 1496 30153 12712 846 33656 37022 25164 488 39002 25782 31377 18426 7352 11270 43950 22666 48510 9102 20021 15529 29224 28619 38659 27781 31711 49645 2211 4538 950 16855 38090 35001 20770 30967 33114 6655 3556 30680 34931 33519 1714 37698 16431 26869 18645 28576 16035 4944 21027 45229 33769 35157 47462 20769 42433 24132 4596 6195 862 1983 16575 6851 5421 3006 33323 13589 24122 48088 31312 38841 29188 46582 49628 33250 45159 44969 40851 35172 47526 20496 38747 12009 20604 20549 48713 38398 13447 34772 32697 21283 41280 28327 30007 46352 1446 49690 29993 49196 30822 27653 22197 40174 19766 43924 22534 20825 15889 45821 32511 13674 46610 26763 38461 40177 30468 6951 20661 15866 44089 41877 10286 147 47293 23510 22216 28738 12960 39581 29718 41975 11940 37095 22940 43067 39432 30770 33297 25863 46039 30069 46714 39903 38464 42913 34235 46569 6422 12687 515 32037 15342 35353 43532 42995 49297 17321 13210 4335 28163 46023 47251 33971 40008 36519 41440 5716 40796 31137 8051 43795 49554 40970 34421 3348 40948 39296 38506 23500 40536 42868 8621 30351 7039 15615 10562 6627 6451 9771 6828 12794 31590 43043 12930 37237 22806 12502 22717 26205 34367 23307 42684 38469 14366 35988 45670 18713 19848 42169 24557 13469 46982 37944 36207 4184 9812 31916 37103 40272 35367 32730 32695 28102 6209 7455 25288 37332 2340 19975 44587 10716 41712 23015 19699 34998 46155 1220 2182 328 33970 27363 3749 19947 9250 43686 1162 13060 48614 34335 19745 42392 39974 3129 8175 5059 28348 15859 31877 24142 44252 19974 51 13582 44892 4575 48805 28243 25171 29712 6543 8204 12359 31506 29266 30267 15612 44806 32958 47268 36390 28297 12594 46778 31408 19073 31367 28875 26751 30318 44146 34133 11 42718 26471 5039 46218 15094 32002 5222 45096 41788 24821 15319 7331 15181 48511 13200 36972 502 39493 12644 36393 28145 32067 31122 31421 47200 16471 40155 49571 9657 19679 21805 225 14572 35379 48183 40977 15136 27847 9000 14964 19923 8369 48390 16716 46157 41535 38592 43933 30302 31531 56 40100 49092 25760 7490 23709 1197 23933 6014 47848 48365 40384 42979 41837 20587 9610 12319 28967 28762 18822 23138 4302 27529 15262 29945 25259 24897 33529 22720 26019 41081 14534 20374 2740 34184 7325 36472 19075 46379 35159 26575 30176 43535 6694 47786 27039 7743 12478 47285 25225 1885 7995 7851 27848 7108 22091 46372 32280 46329 48581 282 36920 45744 44397 46917 49278 30765 17138 5233 3204 4104 15413 5487 29609 46456 46051 7010 40210 8638 49030 43691 48572 34029 44750 29849 13586 49091 15818 38133 23126 22705 15477 11879 23602 13018 3475 3052 25915 13772 29490 46448 46163 32181 3145 13816 31240 10798 26259 27160 47773 585 11340 17462 30592 26442 6064 767 21688 6756 6558 19820 35200 48021 18812 4055 29397 45849 20595 4528 42723 47494 45165 31048 12898 29024 43552 23268 13892 18823 2248 894 9728 8695 20619 44979 13125 279 6764 48610 24890 29336 21518 22191 24707 15339 42225 9986 38284 19278 1431 17691 11431 12020 26765 454 40949 32164 40058 37645 26038 11016 36976 45332 43609 4006 47577 49631 19350 9633 48989 9077 38862 13273 1960 12192 40806 12515 2002 37868 37477 9369 22673 39912 2876 32770 49868 30394 3010 31500 35366 10204 11262 37662 26938 5028 13905 28554 15330 10494 2942 26725 49753 14944 14796 9064 31425 43904 47454 16495 36689 41441 35819 5660 11665 45052 20348 22170 4926 11369 1970 47461 14147 861 4148 45326 19366 3998 36423 9194 6152 20704 146 47046 8160 2721 35594 32372 48373 19312 39436 24509 45680 34078 34949 2999 46236 40703 19738 30453 9041 5797 16510 9900 3767 12259 5025 22853 5210 38413 35616 38327 41335 36103 29320 2044 25856 37789 2853 44842 41462 29923 48126 49084 15281 16582 3790 1398 30742 30306 6890 11300 23935 10630 20677 29081 5397 12630 26649 11112 4745 3861 48778 35189 46376 34207 44437 27832 28792 8837 2007 31035 34336 3839 43781 26061 27656 48436 29291 46684 47734 49496 48363 19718 44118 41947 12491 49307 5105 42219 47845 25827 31313 29446 19368 49810 22380 41693 15724 19791 37281 4811 13553 8620 6585 11212 35587 26871 20892 7266 25580 30551 15421 47653 9995 47626 771 30958 17866 23871 30950 43638 49784 2832 23175 32711 44481 11364 39976 27423 44941 11320 19295 38791 7208 33606 806 27318 10462 38180 11349 12796 33474 11889 15229 21277 43180 3500 32008 32758 47024 40518 46697 1153 717 3822 7654 20655 13518 25663 44559 12680 1702 40060 38768 36174 13870 33303 29115 45296 46775 101 9833 19370 25421 37302 38707 42714 2970 18086 3516 48641 31127 37075 22714 35664 47775 44193 11385 28989 11451 19569 17790 28646 30166 35388 7329 45517 3926 46153 17090 32264 48287 39694 7231 21690 27914 33526 38172 9172 40301 16408 41232 42353 27107 2940 40227 46666 7200 18590 6482 28746 9045 27680 27382 16570 4901 2274 5063 14305 27294 16539 4959 9359 40632 40506 45594 40561 42664 20546 34213 6302 32229 6321 18625 49467 31903 7542 2273 46756 41094 40427 45776 26675 30809 12078 2605 434 18927 30136 29650 658 38828 8774 29267 16161 35428 23325 27287 40989 8129 43556 46884 9561 43689 7739 42520 45263 15443 7771 35985 22243 22838 27971 32821 48468 47995 22642 42825 8431 21575 41961 33237 486 38311 38470 18820 12664 12742 8601 2315 13386 3819 44773 36620 25158 48082 48842 35002 28906 37316 24446 45058 43821 9843 13773 19378 12698 28836 16000 44531 2065 44729 15688 29793 39429 41886 22333 28603 20676 30335 14447 7499 42481 47672 40310 46162 10298 21289 33904 14097 44629 38847 1802 26676 18874 47772 31383 19783 45158 6729 15499 41686 28142 3032 119 7565 35773 43311 28784 11597 11140 18026 14756 20182 13304 12582 8672 2491 34552 23991 10307 18116 24688 48186 37331 23146 1157 9770 33459 12524 2755 21857 953 38860 39643 12232 16809 14902 26261 36845 32036 18482 91 18906 5382 122 5123 23794 31549 20842 49904 17714 121 32941 29392 45542 44012 9496 23427 39991 6884 18014 19977 19470 13118 23944 21874 36637 49624 20643 9892 25009 44541 42328 48940 37248 11602 16632 26586 24696 33327 17680 25964 25196 4156 1985 11578 45509 37233 45261 20465 16501 13124 3765 7141 36131 42112 47442 20975 18622 12971 43321 48477 44233 12696 25269 28162 7886 24957 2259 40880 32535 46968 6377 11052 3221 43536 2992 33930 20702 43486 30051 32166 14294 3613 522 11830 43392 14421 24357 600 31725 2746 30759 7973 42130 26737 5911 35650 4396 33270 34026 41889 21044 7083 5359 20194 33618 48987 25682 38988 30106 49587 44513 12642 40831 45750 20993 24881 42968 6961 25194 24220 2463 26948 29560 45166 39894 36520 15797 47874 13422 6090 3029 18619 24900 18673 41586 5224 19355 17217 44114 10238 453 47173 49061 46142 37709 47815 49577 14601 6894 39851 41671 3845 5251 8900 9648 6732 14573 47073 34725 3090 22405 41408 821 15839 38043 47891 10116 37691 21818 37 16969 43885 48155 42046 18615 36300 18119 27131 15444 47789 1605 4244 42645 3715 17017 16943 18047 38575 39826 32188 6080 25364 37712 1177 28485 22792 6575 25431 1551 33599 36747 33400 8452 37516 6089 34831 49352 35281 3850 48013 29067 5651 39872 4338 17025 3590 29029 42193 44465 4741 16371 387 43490 1442 41001 13000 37550 43071 15908 42370 9951 26419 17622 48119 41739 20251 20047 16450 10739 30324 40255 22110 14288 28391 6708 3797 7019 46110 28615 48679 14960 40890 24372 39216 49664 35496 12402 2087 32238 22201 4086 46423 41934 23594 41692 791 32566 35700 11242 355 40530 25423 23403 16746 3144 42656 11245 8443 24973 10879 7713 38403 44197 3685 29022 48472 21223 15776 10134 20736 8418 33752 24747 24189 15247 12513 26316 29545 39261 35173 40899 34369 46186 34544 5229 3457 10493 1553 18884 19276 13592 3481 40173 21148 36560 7342 45943 29212 14832 16388 5568 37934 17074 19446 11481 17197 21439 13891 30558 48558 9034 46938 7975 4423 817 30651 13075 16812 41457 44610 45304 47809 9004 44854 31578 4132 29435 7095 42424 31754 37644 35416 24067 16690 46484 21091 42975 33333 40671 32944 36644 5263 11757 18828 31888 44073 38137 11192 15226 22574 9469 24418 34072 49903 29002 47839 37781 48506 13058 38102 20567 40285 16232 22518 28673 19707 30769 2090 49800 48209 49731 7308 18246 49538 19035 18972 24912 12774 4079 2032 47088 24731 48445 26458 5904 16532 41166 35758 46012 13126 38531 4525 30241 1188 33590 9509 12816 16617 12901 12395 32017 1190 25544 10186 19335 34921 274 36062 9568 43348 36530 38577 18505 10020 49453 26885 29035 26408 43863 20560 8810 48141 24877 15769 20691 17758 8487 8460 6403 44505 4472 1529 36527 21379 16549 39949 26839 7911 41769 15149 2708 26524 24432 35364 33186 26801 27918 27455 27905 27259 36922 40521 27139 10935 43226 20951 34384 8059 16859 32210 18433 49855 25213 46237 47004 47900 23308 8648 34438 32894 44966 45357 29924 26772 41980 35234 48100 12180 40539 9450 22402 19822 8557 5709 2475 14079 9367 3577 11918 40548 21463 45756 25853 5362 31724 24187 42098 10477 49466 5968 16826 38662 46242 408 11277 157 6600 11506 15275 35385 45841 11742 29347 37695 11027 6095 42340 29790 6956 30546 25967 18244 24518 43660 46673 42045 5864 4341 8657 33813 47855 32483 4060 5877 35273 804 20343 21394 40927 27853 43648 35279 23987 35448 22447 48405 14038 40805 26507 15755 9025 9883 9682 42347 14250 28472 41052 48001 47303 6742 44686 40360 11236 31102 777 46257 25979 39498 15643 46366 36693 2532 43936 40000 32802 23716 21555 25704 15302 3570 27522 4930 33521 5074 39383 45858 17975 11926 48771 13983 17175 24986 14699 36916 6500 41022 8074 25873 10108 7733 21105 9799 36200 48389 31177 26421 39304 39129 46400 39387 32438 26590 15411 401 38809 29381 7704 17333 481 32474 8126 41219 35930 49187 32412 43211 14177 24116 2275 32105 29116 8632 44529 22568 42421 18057 24940 48474 24306 23061 7466 24840 44960 39398 24266 28702 6927 38627 27891 14581 47340 38569 37889 13313 20815 41034 651 8666 7705 35226 46089 11496 44339 34806 7587 49871 1796 47884 25808 36333 38614 7766 48028 46095 6608 15614 24920 13111 27417 21603 42343 43006 18891 48574 18694 6465 41569 9293 39356 41630 30686 30596 42970 20872 42530 17355 40316 13405 3866 42861 19659 18209 29977 47963 25324 43516 24469 49542 30477 33565 25383 37995 15070 37594 20480 38442 2396 34263 2585 34805 16017 19462 21775 12117 27883 16194 37821 38367 24966 48440 16476 22694 26898 33309 11415 47944 15900 36216 35349 19850 34704 42708 19658 38556 49663 5381 42610 30194 15756 46057 11675 7527 11165 19801 11168 14749 29764 26289 24005 36806 12576 31561 32430 5376 43281 31785 15667 28183 9271 39814 31524 43692 7569 47097 19920 42709 49410 18064 27156 9876 33157 12765 40311 14996 5351 24120 4216 13366 36568 2454 15672 44299 17690 35130 40935 11402 48067 33178 9278 33967 23964 10971 12126 23889 6327 38313 688 13994 13762 25157 36600 15935 1160 43561 41612 23083 14253 39878 37304 32677 38054 34625 27347 31530 18166 37794 1480 11868 11667 12725 21708 13070 126 10888 43139 9963 8220 12100 11631 19390 162 45295 12737 49756 10908 41116 4468 40080 1893 20857 6693 31405 34989 44411 592 27654 29060 28523 25617 14589 12974 18789 41368 34059 21019 978 33177 9965 46461 47049 8334 8564 40788 9056 13483 9106 8332 31465 38517 2690 13036 20398 49705 8294 33602 13411 7128 6179 4219 9074 15916 39962 23740 8310 8040 41596 41784 48317 9840 39393 36099 4483 49323 9088 37067 25505 26669 43391 34057 41830 9227 14625 347 42947 46283 21066 33628 10445 7698 10348 21346 32747 1915 35679 18008 4462 33337 47689 20705 19540 32284 33937 30999 24582 39153 6821 43911 30126 7848 2168 19584 31009 37369 38694 49231 10457 13338 4672 22710 47942 13051 13760 25316 40468 34616 49052 15597 5247 17475 16815 21263 32396 27517 22040 33047 30805 8298 11536 35905 22345 9612 44014 13054 2125 4032 35030 44486 46765 32629 26519 25878 41184 1246 10795 15414 30498 27762 45178 21765 15050 36356 30837 17269 49373 18040 30342 18343 33407 48955 22368 15774 30857 3930 39701 10052 32026 5250 7887 36537 25783 14488 29708 49138 16048 36287 23463 12622 2501 26327 12051 29619 7379 11603 47730 2267 33996 40267 44809 28525 9067 17268 41065 46119 38692 8755 37397 8559 2291 5461 43268 27548 44861 33112 39118 38189 16081 13115 39204 15196 10037 14382 33520 14446 32643 22338 47169 28590 2711 24468 16060 38026 10753 16168 40333 20524 48914 22312 4795 32866 46690 34290 36937 25976 34560 33096 20467 1360 10216 1623 7452 13042 16761 42407 4129 37880 33010 44580 1951 25251 43351 26897 19443 28496 48043 24779 31416 25522 47997 16088 10164 34500 28147 12525 45476 45198 22623 49879 8217 43034 25270 33646 5220 14718 25937 14139 7602 1056 15460 8498 2194 48222 43850 11499 9230 15524 1786 40015 40883 46618 45128 25512 14044 45047 29847 3100 32691 31412 30019 37814 44700 18728 8868 39375 22948 40623 28151 21158 542 37065 40763 11041 27414 28401 44326 28248 28617 10270 37949 3578 33038 48271 25306 40259 30672 38270 33846 48884 4978 40596 34586 18583 41887 1535 34553 13009 49604 23234 25688 15068 43528 2048 15204 44789 35531 17371 11098 8911 35860 36536 35165 11902 14841 15747 10937 38481 48756 30828 33939 5756 12978 16253 16708 45910 27416 31886 14863 47124 45488 23003 3455 9422 35507 43764 22055 43811 6340 47168 46930 18449 22465 12939 35415 40529 9408 32789 23409 42705 19508 13702 33016 8512 23206 49089 20848 25961 5387 3068 41100 36279 17395 10081 20444 31780 30122 11724 17933 36253 15531 31518 29574 26783 27900 47536 38343 22481 36720 4446 5276 24261 13083 48518 23807 39988 34058 12257 46103 10259 31704 3061 39823 39507 40205 33192 10550 30269 36979 42348 45808 31221 4266 49694 23771 46137 28994 2828 32049 10959 1932 44602 34095 41376 30597 11176 34964 49443 49425 49097 393 32367 2567 38795 10565 15780 38188 47911 36224 48033 5284 37518 33254 40412 46971 2983 18293 10728 6699 38181 2352 47894 9827 46449 48149 18675 49535 5902 38450 17285 48735 40785 42770 44989 12535 41127 3885 30798 11110 17647 42856 5259 31165 32439 38878 39371 16606 237 41904 37355 29672 11712 49208 15347 5479 17589 45021 20035 2288 23530 36344 36934 14393 42246 12106 42832 49518 17556 5792 6595 10115 8099 22389 9588 32660 29919 32672 23132 22445 23316 39150 30736 10830 14032 13763 12144 28941 28520 44848 17837 613 49282 23579 16585 8680 11209 25469 24060 21890 27079 40875 49435 14579 1929 3066 24809 42216 10311 26626 8550 42413 25342 10824 15574 14332 47171 46539 14814 44093 28911 46941 19387 33894 2570 3626 6569 21396 38211 35846 34955 40878 8027 47045 11409 31353 41310 2560 26007 39049 39568 29580 35376 34870 4127 34812 37061 41908 44084 44644 18201 20535 20250 16967 42454 29642 33044 13374 24064 37689 17126 44940 22837 18816 28313 34096 14846 44821 46761 6930 32263 47687 7255 16605 14279 5628 30464 47897 11746 35851 616 6710 17095 3525 16937 42457 48416 35565 21107 8991 40782 31373 14092 43778 43824 39533 5735 49637 19827 31992 7345 39314 41035 7091 31105 379 41912 44825 238 31842 34164 42817 45139 48592 28238 44072 7686 18056 5339 38197 9584 154 22543 19931 39071 48340 31392 8704 34888 10107 27571 41593 41187 23445 39158 1638 33386 46120 42505 10590 11404 15642 44297 46581 8749 39178 34960 926 14448 26549 24314 41985 3131 41160 27028 38144 46997 14258 24341 22092 23345 20950 49574 48899 34843 31060 7292 4973 10515 18642 41115 22222 47947 13545 31741 3336 43641 25992 11120 17284 2568 9189 16446 24903 44663 25235 48629 48875 5603 8705 2738 37905 19453 38969 44108 46563 40847 27692 7114 31347 17896 20262 14120 43435 42839 23375 3764 19653 40657 25082 5020 694 35050 6409 27138 17576 49419 35589 2691 36073 16137 43834 1016 25559 46264 17634 29772 30521 18374 2448 19804 29821 24166 33079 19847 48132 32032 13140 20373 13269 5567 10163 5485 24999 13430 21735 46599 16003 44017 10540 43240 3335 860 47082 11683 26608 45343 3955 12958 18994 28316 38664 48822 43960 31737 11920 24102 12665 28798 27010 22634 39377 26216 47754 4441 32508 47086 34045 9060 16197 16407 14182 11614 6830 4945 5928 15390 6480 34469 31162 11971 17115 31736 48060 31098 33127 22403 41149 49821 16667 40900 9839 25154 11622 39461 13988 10722 35602 19344 673 5041 29985 21758 48008 22986 42073 27047 7341 4529 48699 26022 13007 18674 10933 26734 32350 26473 37892 10281 33477 32330 16164 4773 24117 10679 5708 2466 26997 13074 29287 16329 14509 48810 21664 23584 38753 19779 13401 2796 34511 27175 32395 2826 49892 33166 38448 7340 28342 33328 6371 31471 2730 21809 20163 42431 12719 39483 27560 48507 47140 45151 35127 27934 25907 22772 31710 7612 41120 16449 9683 11991 2558 34389 14889 28366 28939 21979 17303 2649 41546 5577 4473 33154 10273 9828 21801 30838 27700 3062 40455 24904 7789 9433 2179 9520 45632 34795 42704 43147 23971 22672 25721 12689 41616 46568 5851 35423 18394 23395 14676 44126 45608 44168 43363 36850 21154 43399 48302 14388 22443 7488 22023 3661 38323 20735 6226 3005 44063 40965 33378 34201 23649 36135 31850 31475 20737 6131 11065 48444 8478 15189 49200 13871 6295 17851 18441 3636 10111 19048 29264 9 12649 17915 257 10897 44991 33664 44444 16404 25835 5114 16112 7005 43501 37128 24626 41181 2021 46585 24839 17636 18671 29643 49119 18275 32601 38623 17857 25484 47585 6170 46780 19818 26883 49909 10446 29897 36007 23762 31608 8740 22562 6329 12307 390 28587 1460 13275 7031 7375 28654 29797 1263 16425 41595 24599 47448 21980 39866 27518 42299 37364 43172 26789 36179 5490 10398 1135 17620 24861 48893 1962 45471 25669 36399 22513 16706 7643 2452 23160 10197 18368 39385 49004 13174 10866 17356 11822 30616 40403 34612 35292 3684 48880 16255 11921 40318 45048 36084 16233 4162 41847 26690 12246 30084 39360 23347 16484 9111 21492 43266 1287 6802 29205 31616 30352 12088 40434 23443 20357 43238 45774 14327 38234 15521 31576 45918 6385 18791 29729 40470 6499 27390 23657 19691 10957 23430 46488 459 21654 11359 23554 3884 12923 30372 19456 28923 10202 14617 35176 33353 31907 30542 10266 1567 49796 11513 33421 7878 49014 14233 35220 3775 10919 27315 19871 17705 31409 43546 46952 41890 14972 3037 28466 32781 47403 33645 20861 1020 30796 40758 43687 32688 8264 43807 33707 13420 25430 1820 36458 27546 6736 6036 46149 24813 5392 12791 28690 8815 44631 49369 35368 44107 18162 45755 2091 6421 34354 7763 26277 698 28640 48224 29364 24429 4269 39700 21776 17149 46262 9033 47704 25893 29674 13 35687 13455 39547 18225 19620 14216 36640 38290 14050 21188 30421 19633 2710 14259 38315 45301 28791 25477 16834 9315 31210 8631 42799 7098 2950 6639 3726 12304 23390 39506 41159 42029 10389 14354 46097 28507 46288 23031 36716 36293 24902 35938 25294 14378 14800 1457 7135 23476 27097 24643 21043 33839 47509 18978 33216 40526 12255 32556 47238 28470 34754 8020 22267 28461 15686 41838 7054 80 3072 22218 36454 25166 29239 20392 14450 31263 23276 18665 26563 6301 41735 7285 30456 17924 33088 29779 40593 30082 494 17666 22360 20781 11670 1269 620 46100 42004 31396 41550 30229 17207 714 28594 39453 37873 11769 11247 30470 9387 12982 13751 1997 20369 28050 17792 43393 16524 45797 28414 33969 18424 8922 36613 33811 46572 22509 39686 17710 41821 39748 2765 48046 30818 16823 29503 18190 32116 29182 13989 43413 32605 17430 15230 3183 19134 3523 43636 29800 28553 2884 11628 40383 10243 14054 2388 5156 33101 5679 43637 2326 30669 16753 29597 49064 46531 37591 37955 29675 44694 5029 6790 45543 6659 12464 16732 29403 29043 33002 27888 32375 25796 49564 29478 24683 40140 41268 6218 41742 4678 19332 25794 5347 20498 19613 23876 12412 1310 12753 42819 17814 37928 1747 47255 8968 2363 31647 3302 13245 49526 19899 44788 49725 37306 42567 13924 4135 9803 45396 419 1657 30530 8644 2369 9897 4640 2471 3853 2146 28125 40921 32368 45327 12437 32788 2681 36414 49428 1489 39162 37215 11955 25287 11553 29733 2586 19429 31469 18942 4211 21552 34823 43203 25434 47323 32795 3418 5924 19218 3874 16710 20068 40466 244 21587 26300 12760 30853 16851 17900 49580 41109 9715 26793 29071 31677 41813 11917 48821 40043 32782 34536 47878 32258 43365 38412 15481 25931 43526 1067 3063 30403 42983 46387 24993 15190 12435 13654 20231 5637 11639 30222 42823 4726 23997 26415 33132 20724 2571 45328 17517 10449 26048 559 31496 3159 41066 46061 37636 36440 40683 6969 32707 22504 9181 13187 11883 43842 9238 27722 35015 34741 22947 37606 46868 36884 30093 27034 5070 16079 25390 228 35041 42385 21042 38015 18817 11302 13300 4996 4547 32224 11338 43583 41409 42047 7305 45687 30601 36085 7374 9748 32380 39428 47221 1239 17876 48404 19120 46144 33018 41643 9713 20582 43105 32729 13463 1738 14604 41422 41400 13629 31961 5608 43260 35838 23037 2323 31334 22062 32207 43214 23376 12655 46231 34411 4314 47043 42782 250 26694 18983 27213 18481 36237 33802 482 38608 45740 49344 27150 26541 48089 8776 27818 13462 35694 6942 26076 45571 21089 14126 35989 33204 20998 1504 36173 47053 17780 18558 19621 9580 41694 49897 21247 9846 695 7749 19988 36463 20065 45822 27575 14132 38267 4965 30731 14851 17242 11833 42916 36329 21334 42288 41534 46467 20245 46291 22439 8372 15170 3644 36672 11356 48913 17872 11469 2844 16347 5297 16237 19132 32710 34223 11450 10168 49135 37958 30399 48215 37455 21966 34737 21584 45429 24597 40212 27922 43461 46875 33989 14411 6213 38735 8156 39151 31713 33812 35808 4938 48957 18977 8712 12673 12388 45581 18621 28861 14866 27452 2750 1098 32858 917 14428 33879 16356 24844 19133 19372 39944 1356 47317 18538 15830 41317 30017 22936 29189 5109 35221 20478 37056 1612 11795 45992 14548 25574 11596 36955 30900 8137 13033 27446 14081 15912 29677 12857 25149 2890 5674 12790 13076 3909 19388 30444 26534 3162 19305 13743 46936 33183 112 20645 34971 42119 35821 220 46085 5410 38424 7311 34747 44946 45907 22097 41175 21783 7882 14251 26124 41855 40297 22982 47199 3301 10428 7557 14957 32417 47384 11951 22749 43725 34018 48329 6991 44421 48066 27490 19596 31357 11333 45431 8718 32271 44459 17817 20893 13503 34125 2510 4281 36705 11106 16217 28154 5787 48895 33420 21703 20629 17747 2798 2164 21383 17364 20723 31229 4815 47991 22245 48968 45225 41826 46394 49671 36450 11747 25110 44290 12472 27499 10409 48479 38249 3840 13416 16694 29502 21896 19314 9751 7399 29468 30079 12209 5659 37277 27321 45652 14550 10492 32533 37801 40924 45957 13720 46004 43791 30185 39908 48470 26057 35855 7494 20501 23913 20097 39626 17835 31030 12143 49394 1012 16594 3674 20698 6688 39425 13651 3262 26241 18458 2552 29063 7324 4170 27736 19322 11152 19091 49222 16638 16905 8563 43271 42631 35452 33698 809 32068 19908 38936 35245 40589 41083 14349 44636 14525 15382 7593 26692 8132 28586 31542 26413 2733 28419 42302 28330 38822 19696 2209 1592 46859 36448 47164 43508 48546 45948 40228 18355 49023 3046 47431 15013 36687 17439 814 12129 36923 17689 33864 18365 28299 36829 23856 32029 38418 6238 3927 23621 26336 41342 45675 1661 34298 32307 49207 2583 2655 48422 19338 3521 38319 42649 48848 45807 2226 31054 1225 30968 25864 14237 2580 23568 41662 38035 8604 29520 41582 11775 25579 11916 8476 35748 32437 47590 32048 43039 20500 24020 11013 15520 13764 14146 26267 16843 27496 38383 19144 27048 14158 424 5472 27297 25592 20627 31018 14373 7364 21779 39019 3582 34449 5692 39310 2702 1451 16434 44937 28793 17640 9280 9707 48710 36063 43104 46650 47411 32481 46580 18422 11139 5563 43677 39093 16614 8797 7711 25842 40209 32094 45628 17480 24042 13260 32873 29283 45878 33733 7201 10898 40077 41856 32587 33005 29752 1358 28156 49613 15557 15138 3105 23256 2743 49397 19790 20104 41105 24617 30556 41732 19445 33747 11663 48626 34882 1354 32974 38052 9737 1704 16597 17763 15356 31441 24209 36008 42532 20654 18635 41444 28679 2526 14787 36988 36534 49885 847 34907 27394 28982 423 37006 20079 45126 13317 30655 22898 268 23509 28015 5615 3160 16751 33596 40124 1570 7462 35413 3996 12833 29891 8668 32314 37047 42005 39690 47066 36998 43056 5613 41344 39497 23238 37684 41481 33715 21673 24937 34710 49155 16608 21987 21180 24315 13103 14742 17342 5211 13519 29202 43280 26530 39978 15044 27451 25326 92 32126 15802 40246 28387 13692 29255 28354 6018 5483 35478 43947 4600 41423 24065 12235 35319 35473 7720 33842 1339 15076 25098 33120 15934 11699 4904 45519 19049 19371 14236 44661 27691 40690 41981 25300 38205 33113 17134 36890 1621 6945 37766 30906 14921 2920 4185 23486 36124 5715 27402 9991 12778 39460 21420 6934 30427 22314 35167 43700 6882 30361 28918 34915 37907 45167 34890 43640 35926 1168 5662 18179 9380 47368 7042 4096 17459 43616 49635 16091 13336 1170 324 9030 43752 48976 21614 14198 21157 17982 42412 33929 1841 44588 39815 11099 17346 2427 35249 14650 11964 8580 2271 8969 28100 34363 27685 42451 4995 39397 39544 34637 38992 43916 12064 8785 46758 28845 19909 15265 27710 42673 9969 2255 14717 41011 29444 13610 14691 4540 22491 9262 2009 855 32538 30092 24887 36610 30795 34792 4521 32039 41247 1518 6087 19866 28395 47137 11821 37351 48579 20660 4311 25690 48528 13875 37741 16080 29075 27153 28503 15587 37767 18611 37624 42590 39634 31558 43038 13294 48765 11447 42467 17368 47533 44735 47954 42642 6033 10013 44365 21316 36113 49 3598 552 11251 11933 20415 8633 28641 38014 42088 17858 1785 42537 30447 33531 26887 12667 8649 14619 49044 23560 18641 3190 26058 18463 15902 42620 1299 25212 31938 49833 19212 12120 13310 42663 16067 47165 23683 41748 20778 23625 21833 26065 10609 25412 20328 36649 23833 18990 13217 30961 33528 24369 31204 21493 21729 5334 40865 35294 41010 5307 29394 30493 27392 4833 42619 23366 49643 8083 45087 33625 34432 44652 26213 4193 26742 43592 40303 3460 23416 19067 27077 48167 11658 28821 286 32343 4918 43358 39028 25683 21723 49177 42335 23222 41106 29013 33835 43942 1208 22305 35763 42993 40727 16133 16860 18465 28900 12354 35118 9414 34192 22722 48881 21170 49470 38923 21639 33232 15962 2592 2879 43219 30338 27395 997 40699 12548 21137 9553 30905 5080 27434 46082 7268 4076 20624 26249 28263 14401 22353 28388 36213 16651 42479 46725 39250 21796 22819 5365 44189 5355 15707 25736 40102 8163 7267 5100 31051 43157 15294 39485 49362 2465 22964 8299 32482 18524 8709 19156 2252 19231 3375 15737 5232 32813 20718 26254 18838 14704 40324 42674 10378 41080 41896 36111 43247 24123 24383 36491 48435 18359 30383 22990 25237 20295 47034 16911 49099 13232 11856 40820 36225 17805 43367 9944 35021 2410 378 40869 48218 18689 25577 26383 40217 16907 49529 49649 25916 35256 46946 24023 5543 34607 12200 15315 23444 41256 3552 45544 32545 46385 13022 25138 16275 5167 22255 20136 39808 34168 24233 46093 44450 25063 7664 27583 33859 30078 8120 45925 30432 48491 26930 12296 25341 6288 35254 48908 14036 17345 31091 14235 6827 34161 34914 4416 15129 37707 17461 39562 10083 47316 3236 15146 26434 7327 49555 22041 9765 3216 11944 27592 47260 36340 30833 13967 43955 42935 5176 33502 16910 35999 8923 24750 27852 24663 8994 8510 40568 42210 13987 8820 15442 28442 44805 30852 9371 6526 44300 18779 28736 6161 11613 19727 29949 14696 34271 40346 46830 45187 2350 37508 24138 8846 28948 27146 42336 33549 16795 29742 2812 22804 19398 14880 32113 28373 46760 4089 2861 28168 30387 37532 12747 48037 17658 14915 12948 261 9480 43347 18610 11020 31399 44246 1417 3504 39583 37757 21058 47130 29853 1934 40171 13029 13831 24019 11494 39774 26668 27061 27933 43939 7629 19507 27751 12781 6341 34860 44768 21638 18033 37927 35972 1201 45297 30353 34962 48482 19346 32527 24765 23980 40759 18957 49781 46121 11801 5127 11893 8379 1226 192 11517 36328 16972 31493 14194 13885 9272 44533 29470 47631 14865 26539 41905 39677 21877 21991 38118 47589 26160 38808 36430 24640 34004 49380 25586 15982 1073 37825 49438 43618 15983 15994 25275 23824 31548 19464 12346 43438 27805 12952 27428 19277 48320 31297 41627 49924 45195 16622 36308 49506 37819 33275 38496 25454 49472 12813 44085 33593 29971 31397 43024 38329 8159 26578 367 7823 19093 3259 9381 45746 40420 24938 29253 2108 14652 9436 10556 10984 41045 31486 31880 11580 48746 33849 24758 41113 1048 43809 4649 32195 25307 14500 11874 27012 20362 5141 20185 21099 8594 38452 18133 15548 15169 47032 15711 9968 34049 6046 19079 10953 17267 26131 11317 48553 7163 6186 5819 33377 9276 43317 35491 5614 9241 26523 14106 33212 18435 27609 11533 23557 20161 17994 41239 6387 6378 41974 37724 40104 21968 43364 20232 49544 19502 47399 30668 22695 25124 42918 30120 3527 43433 35845 17172 33923 38845 15367 38308 26718 47581 24984 45982 7288 47060 15490 7432 32737 44003 6767 28282 47691 31693 2561 24213 12128 12368 36043 15867 25546 40959 4909 47211 41872 39174 15232 31464 29673 29338 10091 37341 33287 32835 3971 9643 29011 9288 45391 36535 13676 8219 42510 41875 17727 29822 27630 21410 14991 40341 7596 27359 15432 9219 29172 6540 7924 5644 31160 2886 33737 20453 47342 38538 11983 47828 25699 47650 33485 6636 1141 24234 18952 39825 15025 24560 8757 22496 36126 12001 31861 49351 38722 31847 38239 1975 11695 21793 17870 30916 46482 11252 5360 12085 8414 35095 10868 36205 35170 9364 26176 15763 38335 34729 22208 11547 41107 4395 40168 9168 26342 528 23207 31852 16715 26224 29486 3402 48817 19242 8691 38278 36292 48551 17028 3150 33950 3623 47776 7165 40122 46509 13171 5121 40876 16931 26979 42312 197 17783 16418 1818 38174 5534 27717 29644 45410 41507 33674 42914 3965 43723 27103 7213 7012 975 30957 15343 32893 32132 8077 17271 35442 16700 2159 4110 18263 20939 8506 1443 16121 13895 46307 7812 34933 18562 16423 22133 44222 45768 3210 11173 4134 20176 6245 18462 32282 3487 8926 1927 38500 10032 34954 31778 31892 3536 27151 30175 31982 38773 36496 40462 13067 42394 4817 44645 36230 31439 44431 1664 1143 26893 22913 23808 11758 42992 11077 21360 23931 39233 27889 10482 22219 15974 10604 3224 29726 25980 6718 13096 46769 20659 21791 45176 29073 1582 14110 14088 22653 47591 34195 24927 10915 17776 28212 43617 38216 29989 16420 8399 48137 13662 28843 19639 41785 4139 49381 10490 37384 24091 43864 45984 2527 24084 35500 11483 26310 5697 44036 41273 13585 22415 6888 35125 31013 20579 40041 9268 26047 49459 32996 47514 43706 40797 5321 4553 18867 8451 31782 3289 3393 39145 9131 31788 20891 23198 12276 19405 31997 27936 31787 45819 38431 33032 16993 46108 41322 12177 13255 44409 7575 11734 38048 20669 29684 6462 23291 19896 33594 7610 7757 45814 28716 20923 32516 38292 37703 3081 15895 45613 172 15706 15286 26453 44213 39311 25844 31687 9114 10656 13757 11086 23119 28103 29608 48413 41759 36561 5972 23535 25954 30704 15639 7522 23001 17694 43001 32353 26684 25715 10779 17940 28767 37966 18314 222 23850 47290 32903 42180 10489 30653 14299 39784 33823 11044 35422 26271 8001 27688 12241 25672 1219 35262 31258 15840 15625 29687 49761 12411 21860 45067 19473 22073 40603 8629 17201 34122 28478 2687 27387 7270 26144 48709 12777 45083 32598 9458 29234 46265 2500 20573 41549 13804 43748 969 42614 829 38454 31456 44742 2521 12059 41084 10678 48877 20274 39587 2626 20947 21994 35356 9788 6120 42955 1883 16205 19114 30160 20011 49651 22488 3693 3372 44597 28732 6196 17117 48819 48240 35916 14701 38544 18575 24884 6111 7182 35765 26842 10881 6102 23494 15161 39010 23027 49570 18240 28477 16990 19877 30009 33863 39088 21869 37039 5099 26464 44449 49391 35024 38746 48253 24911 31774 16925 14061 12806 25570 14318 7529 26761 47084 32492 41274 19825 32880 15352 12997 40505 28707 12553 18760 19567 49674 49171 28677 33734 48091 34071 10 11555 35732 36515 22932 17083 31848 17293 47441 21168 1601 25189 27753 11788 23112 45197 24566 9931 37413 39007 20804 22252 5113 26730 6696 20740 762 15398 48481 36562 24387 2133 9050 4061 34200 18818 44464 28084 47636 23281 8867 47372 27064 47752 13028 3748 28722 19758 36593 7119 3003 48211 17154 41743 29252 49895 15913 41922 17296 21694 38727 25637 17931 4049 10662 33699 6038 28947 8429 46171 1670 7715 29788 6898 16785 24692 4858 34070 25712 36072 10731 46700 29987 7939 21074 9175 10441 47886 2793 144 14067 22661 26907 30574 44356 48395 38827 49596 37301 14065 30132 20313 4890 37130 6461 9604 11392 28025 7880 17493 38737 3479 16631 40527 16107 12468 1539 13591 17038 35522 42293 16271 29756 49627 48982 11196 38355 9042 5663 6383 35618 38957 39264 36699 34941 22417 15613 40237 43455 14736 44647 8211 28814 44582 16499 27210 27020 3592 34219 31028 21177 18512 45738 41635 39718 32335 2051 10119 4072 35785 39395 33963 1000 25445 34707 2949 3740 44393 38038 24880 23288 5195 2056 37452 18233 15961 11999 2029 44079 27104 24924 33455 20543 27552 30868 8920 4459 9467 13101 35206 48664 31002 14598 17034 32708 38931 10695 26034 21280 16908 30739 7501 38568 2197 15749 6591 5785 41760 10326 14751 48737 37702 38436 39439 40264 49156 46303 37412 40952 33634 5941 49722 25070 33030 20216 34179 38618 29495 47706 28857 23406 29357 6147 1122 27732 44226 35293 17 20695 3803 24899 42003 15474 41390 16522 14899 48398 606 583 27973 44211 43322 35634 44212 3176 25214 12409 12602 15698 45003 39993 1414 33607 27855 37320 37338 9420 4712 3934 29348 43456 47744 36512 38909 8561 15038 11468 41176 34647 29953 24767 27675 26538 15180 23277 19402 32507 19291 1238 6931 39051 12362 16702 28896 35577 4608 40149 37776 40662 12290 14230 30501 21503 12480 12827 20822 12710 30941 3149 22644 43997 8461 36229 9099 13689 40142 12305 7580 11273 27777 8872 34103 44701 27427 34040 24483 7982 4337 11913 6507 10418 2004 8421 29104 26456 24829 5081 4814 25401 1233 19729 27508 14875 18130 24785 49553 3502 29750 42315 40693 5873 8011 26726 26688 9289 22968 3398 26759 38986 38368 21945 32212 3381 297 15565 13567 19465 32454 18963 16433 29414 24433 18174 48212 23561 36929 36619 42621 12776 1884 37510 24107 23686 38573 14725 36631 38493 32986 14391 37654 27749 47506 857 31179 25896 18662 3421 32221 49878 14316 35738 46052 34802 26035 14672 32766 5088 32499 18211 2035 38546 41948 3670 37430 1526 12849 38359 39338 19389 23529 17732 45337 20733 24666 42653 23540 29290 36847 965 15717 14441 31483 36098 47790 5169 31092 16903 22925 18045 20265 2722 34991 33073 39780 48628 1548 9358 37663 12121 44859 23368 20134 7110 34554 17048 13389 32856 11887 3260 13559 31259 8957 14958 39137 43978 23357 40833 2589 8832 35139 14425 24627 44752 30218 824 20854 42568 15828 1407 29965 640 23217 34825 35688 36331 15054 24916 17003 37487 36860 36134 32964 22074 38294 34366 689 39256 13032 10713 39057 1650 4781 16654 32623 33000 48776 6049 47697 23891 26956 58 28039 19467 15845 29974 39152 17001 40733 32907 2904 9562 47382 32714 24329 39712 8166 38113 10224 29102 23711 34873 11372 42155 1035 23240 13274 24114 35450 37157 40606 25847 44113 9780 10468 41789 10654 47359 22729 5739 18285 15040 11633 8741 10509 46409 35377 6165 14954 39844 32702 8980 17310 41736 4016 1521 13465 5444 10201 32242 48103 7272 38663 2535 10113 12860 33714 36197 221 12671 5882 32014 43047 8200 2584 39329 28962 39496 41568 5957 25156 4437 44884 45347 24021 872 11374 49808 40169 43806 36917 44569 8276 11760 10066 41442 40417 9423 28543 49285 33024 17964 41533 30855 39350 2610 49869 14835 3116 26816 32360 3898 649 41349 1723 32073 42222 1534 41822 26347 16171 12012 18571 11024 11552 25545 32392 26416 19587 37235 5656 26753 40170 20739 39972 15471 6062 35914 23669 2136 42250 43330 2453 48757 24435 43591 1345 44535 18692 7912 48971 8733 35354 36067 31363 1172 37700 22129 12345 43220 5097 40663 1931 38302 15193 37265 44443 14878 27946 21304 29851 20391 1821 1730 35409 33499 4609 27368 22086 45521 17243 15042 26488 5578 2376 41516 9650 17195 31019 47142 30716 28289 35921 30717 7015 32153 8739 32161 13830 19781 6806 12047 42905 15692 26770 26850 11076 34766 25394 19604 39193 10724 36776 26872 41798 644 9836 14085 28774 6099 12652 6280 15260 20601 30726 20744 22702 30441 35005 2124 41678 16731 2199 22139 5769 4683 29210 6700 39423 30587 37697 49923 34114 42090 35131 24958 46658 35659 24479 48717 49673 4559 35274 46282 22984 22227 41137 26717 30772 34819 8818 14512 49936 3995 15990 28129 41381 15536 44343 37287 9411 32778 14000 27444 30569 46871 10097 31253 8801 20494 42154 15861 16370 24328 49028 7772 21414 40294 24201 14202 37505 44272 7592 2596 14213 22554 4458 47818 44403 9692 9242 31217 31680 30522 25795 14243 24482 47851 18932 37324 8422 27504 18382 15865 29568 9323 32003 35083 9819 11693 15349 35754 45186 39979 36657 40619 15728 7024 28783 9976 42926 17606 29040 24792 18100 4880 18498 24591 29880 10031 7271 17935 30303 23759 1053 24529 42275 24675 7477 16174 356 10053 7801 30701 7348 6466 27906 42763 15842 36659 45266 5509 334 33588 3615 21753 1032 47807 6831 34267 20333 2010 21111 49106 29431 33724 20518 11618 46271 4029 15547 6753 26345 9210 36169 28325 948 2631 23666 41449 20272 9763 46827 21873 13975 43058 48684 27134 34208 42506 18676 7430 36462 9128 39719 18075 12229 25779 40344 21270 24169 45233 13575 11721 4646 39318 41619 32515 9383 40108 48402 42574 35295 48321 34462 23446 6586 34491 12699 28803 2017 49144 5527 10399 16461 21136 14818 19969 3535 27882 10524 22901 48093 5303 19748 30529 32586 39211 9700 18447 47778 19279 43231 38593 30767 49160 5295 18653 45153 37970 11705 15581 38641 11475 631 14936 34327 39229 40025 23344 5066 7239 47395 15218 36001 27943 5964 14338 5188 15111 23118 47767 4274 19362 4373 28995 21526 10526 26637 23408 11892 9292 48159 6458 20566 48315 48513 41687 43259 40194 29167 30121 36558 34477 33550 44225 40672 22236 34716 17597 36508 35571 41906 21290 43813 39813 30783 22590 36870 11969 25057 7077 10382 19669 24440 42872 13277 9354 28178 17848 44630 31119 39508 19811 41916 10146 31230 40980 7152 6254 40484 19307 10336 4369 18851 10368 15670 11783 9540 28602 30402 13872 21746 45134 28856 31032 26457 24087 14894 36357 12380 12 38971 28167 36859 33655 5939 15882 28076 17612 8608 42509 4662 34349 40772 31008 27965 17058 46234 22773 11159 15296 9302 35728 18840 20222 1112 16417 48693 2293 32320 33387 14997 8558 41964 5818 5844 38273 26773 13675 23967 3187 32948 27055 1007 45624 10537 17417 30195 17037 17235 20674 24033 36030 24282 17754 41432 40528 9862 19361 2742 18069 44090 38823 5542 43069 30791 26215 40287 7415 19028 25999 26264 35939 14449 18074 12910 2184 14180 48790 26949 40936 46594 5995 23263 22446 7338 42801 11446 19503 39182 41168 9098 33382 33235 31729 42198 38193 26286 23893 13981 12111 46885 37167 42326 20442 8430 2593 45072 35666 32985 41572 25658 17162 40163 15662 28558 12278 8486 24367 4964 20308 19536 13015 36396 49331 4986 32006 40538 38668 8730 910 13939 887 2836 3232 6587 27024 21253 39089 42373 44879 1686 23915 48498 36102 6876 23756 21268 47482 28434 47906 26165 8738 45318 35461 49170 9126 16813 29561 36830 8569 3772 48420 42952 5997 7507 21249 11819 49888 12301 2991 4397 12389 36385 8675 11063 8415 44865 44680 11815 35117 46621 20575 15253 36654 32992 38975 7838 41238 27352 7365 9556 14723 25200 18606 20966 22229 47990 17330 33766 26528 21728 43123 47015 19808 33942 7635 38700 10474 43283 1400 1214 48505 6318 33736 37936 9133 38830 4919 9829 48407 5738 27421 27657 33013 42372 44964 4168 5163 33145 42635 4388 13119 2183 4863 4361 2587 34118 28095 10647 38990 10220 1845 20505 18980 8759 32946 24129 7171 36218 39487 49835 38204 37460 42666 1286 25092 39657 37802 1388 39650 22348 33957 13614 18772 35462 34025 5653 44270 31245 45171 38985 26255 25461 17768 17140 46114 17907 26716 17717 17009 26672 30894 22520 48077 17513 2384 41450 15519 779 18172 41864 22775 23058 10325 32899 24944 17147 29836 37068 29546 1948 530 19593 19485 14247 9528 19287 31021 45827 12266 27748 9046 16540 21717 36170 43055 35266 15127 41499 4479 31247 1598 11322 96 36018 13911 13752 11315 34055 18423 22473 40097 38020 47727 17088 49053 6020 27431 25223 33137 15305 24335 46653 43565 15271 4968 4477 33895 11943 29432 40380 14793 35501 1288 15316 15899 39361 43060 22480 2540 19121 46356 30246 24404 16542 20738 34154 48354 3158 46473 34698 37035 17986 45235 36080 14523 23637 32128 30654 49738 30021 22153 11073 59 7890 2023 4702 21269 42865 27377 8209 259 44265 24906 40680 7354 1669 26483 8665 25013 16699 44599 37827 1410 46227 23640 27389 3958 11608 29259 42432 23117 49896 22238 460 25148 38140 47625 2492 42298 35722 22559 23399 16406 42141 3178 34218 27281 21288 28072 36724 47455 36202 25061 6620 6513 697 14609 47539 48108 46712 40327 41352 33671 43011 27261 10570 48439 29842 15378 29159 10601 39121 1625 24925 43990 38762 23754 39624 34655 13481 637 46139 19813 45016 8145 18765 38979 14937 32275 44976 23297 17619 20191 49621 12625 43792 23210 42320 27180 28041 17669 34885 44684 25489 22435 42571 33203 45609 39011 47966 34350 24682 49736 47817 3896 4179 33321 8522 26922 16553 28694 1462 47667 39030 39644 15035 38251 46948 31721 40601 26229 45480 33483 27033 34226 5192 9663 186 20108 27183 1403 16885 2067 1843 29237 41850 3584 46334 49259 5836 41171 44785 38120 3921 27666 36993 12146 23191 20152 13263 10895 34615 9631 16675 44978 746 24052 20859 19834 29623 1003 16655 18402 24427 38185 40135 6606 14855 31995 5116 10305 44280 14912 29865 29110 48330 9352 45780 4569 5820 15491 25349 20381 43719 18391 1373 3288 41615 42294 8576 807 923 63 40463 12856 18962 27141 29416 26615 34555 9901 15454 44316 45699 35248 14804 14470 16203 12727 47072 43704 8359 8269 12728 30449 15148 47354 25582 31630 31663 39786 23985 46876 8674 47307 16159 24133 48974 10014 41284 23478 48578 49241 44988 4754 36801 18782 14249 9911 3932 1295 9989 45829 41468 11472 8655 19327 14852 34864 6437 38098 34081 31474 19174 4589 28706 40818 2699 10024 43206 48803 13371 27042 7923 22373 49469 22675 9587 45350 47471 29326 9505 15464 3244 41276 21699 44626 47528 21530 44241 32052 42023 7579 49551 24481 3980 15979 38709 28208 35998 35037 34854 37267 7343 33149 33143 28988 43223 25598 1629 10821 48986 810 46217 31575 18803 41289 28275 4318 34135 40379 7420 39860 2951 18920 32800 8371 21092 35275 47554 10143 31536 39467 29096 8796 17755 23899 45154 12933 13144 3629 31755 30903 28800 19255 39609 36256 41134 2362 4036 22764 46977 39008 532 25313 14045 8314 9597 8021 13558 23574 45980 13117 47421 24630 41885 4071 21096 10402 13160 6193 17804 7729 38912 38799 12832 14015 38654 14977 45667 2476 28934 43935 33433 30293 47051 43665 39012 31147 4027 24636 48633 45100 5372 2882 40926 25852 1408 35661 39622 28303 41308 36671 30786 28246 4461 6494 45101 3364 7613 23712 34330 29246 36647 30375 19317 9549 13298 32523 19708 41571 33346 12705 9372 38570 18280 7390 12608 18325 47524 39895 5493 38561 39867 35101 19343 6414 6123 15121 21515 49940 15997 9421 17581 45554 38631 18581 36785 42503 198 33388 42153 43571 32487 31172 23290 36335 48669 30040 28996 10219 12646 44188 14551 36573 13498 19645 46675 23764 8664 36406 12248 43184 43577 6842 31792 44802 17277 7523 19981 4451 46987 29243 42543 8081 32476 42815 1754 49801 35547 25022 8973 4544 17767 37572 20174 21457 44402 35162 37579 40652 27695 5112 34279 14210 16243 31052 4950 49475 31921 31461 28360 36738 37820 9245 3450 42937 10954 37298 19303 2122 47629 47682 32239 23092 10911 39029 33684 39668 929 32300 38789 23523 12151 18414 960 21721 47530 3389 35925 19903 41704 24888 23727 21073 25858 1271 33581 20170 44425 13918 8316 21402 33555 48370 5329 42582 15628 3557 7328 23959 2215 30152 6580 3338 5273 14472 41917 16102 27360 16333 10292 41104 2297 5451 39022 23147 22628 38628 29999 1062 27899 3782 22507 16256 18837 22487 40192 21761 37908 30599 27370 47881 30953 4010 33779 45412 19096 35607 8986 10110 15418 29233 46985 26826 29230 38739 3148 47222 14083 14526 43130 19420 18596 8894 42131 25880 43973 20450 32696 29839 38513 4286 18533 16580 6103 38943 35076 5839 10395 7515 20127 31307 47064 28073 26273 25056 27237 35217 21286 35536 10701 16120 3628 24249 44849 22670 1069 42477 48890 24697 4971 24264 47909 45119 40295 46397 6917 46877 25464 25034 12850 25528 23776 23879 47866 41147 49901 28917 31298 33927 12654 29570 41991 33822 26501 12315 11399 17424 31050 8702 38796 8333 2425 39941 9947 33682 16804 14815 34798 17422 40842 26758 27462 38221 9904 45316 22299 11078 33749 37045 25413 19084 28176 12755 455 22357 40511 9454 1867 44484 9598 32668 35346 27528 43790 14058 15887 30282 36529 10748 33806 26685 39572 14127 5661 7056 3194 22303 23374 10983 25839 35610 32794 30083 10572 36281 49181 28638 43245 5352 28488 48086 35235 49752 26060 10781 12676 38194 23275 14172 34924 25356 33245 31939 40689 34599 8779 46808 25701 42050 10176 30946 31709 29711 13667 34229 11361 14913 1033 7727 46026 42617 31974 40448 43312 9365 9552 1244 32398 15883 8364 18589 3267 8205 5795 26292 22228 27226 28196 7036 44555 30056 37213 21377 744 9575 1484 21131 27173 33690 17998 382 16429 44705 5107 77 28390 20502 5774 23365 4481 20414 12186 44634 11396 21217 15182 17185 38334 8066 29976 35031 20435 46749 45095 20259 9065 48171 15970 36538 14993 35048 9912 25991 38064 22493 23978 36684 28392 42930 45752 45485 25560 13795 27664 20048 22420 3439 35406 21282 15758 12002 1801 17040 30071 5790 41685 1499 19183 32498 41194 38058 22384 12444 24045 39205 5627 29899 16896 12907 2815 33872 43253 6298 18001 3730 18286 26207 22808 19227 32453 7621 24614 43954 34796 27355 46179 42011 12349 25045 29921 14101 35751 16966 29346 48596 29901 5976 42042 28437 15684 35158 19527 28846 34256 40003 23675 30469 33416 25884 32934 23693 30067 43005 44813 38374 45038 29051 32624 11492 1558 2031 19683 30570 44895 45025 29803 34749 35418 22288 23183 22690 47242 10072 16929 38083 10130 39558 29970 12917 26000 28096 19806 5031 34537 35296 19953 596 19258 21600 3333 3298 47676 47535 42808 42305 1475 22815 44224 43929 23826 9447 37224 4820 38262 28255 17667 21260 18028 42647 5859 12040 6029 30774 505 14068 32342 21003 1761 49931 10279 34601 16223 19245 24604 48599 43400 14381 26319 10141 48045 19409 9338 32366 38085 38037 18515 13584 17187 4149 17178 37866 12964 2865 9966 26104 5517 38566 22165 33711 13492 49439 33050 6563 45527 30524 6310 21169 30611 20078 2935 19130 32099 5562 40798 24247 36078 35833 32327 42583 29505 2937 46897 2752 28159 36310 22265 28865 7453 49699 20912 40439 35340 44693 49935 27361 13423 3466 12568 47220 36869 14956 13413 22204 38415 5589 36736 8946 9290 29581 45566 28729 43743 40600 42558 730 4508 26445 43262 7825 42736 33968 34038 14645 31567 15525 26153 30381 12996 31603 23854 37683 20183 1682 31860 15640 37739 28893 12504 23817 6656 25053 6142 740 32886 48023 704 42575 41801 27365 1393 6307 40775 36228 3546 10942 3113 13522 4835 34228 42333 13711 41966 35350 8247 31897 24070 30347 36810 13557 6185 11312 4467 33151 3441 44346 18132 27487 20837 42079 15082 42344 3228 35853 35626 7914 35584 12397 47858 14016 37948 49768 17305 39452 49218 5177 47826 27407 48473 20193 26283 45428 45839 15838 17250 27872 25 35503 26095 22277 2280 28290 35058 23385 18559 20080 20773 39479 31811 9565 968 37763 32836 3505 39652 994 32890 33870 3987 17610 2085 20734 22686 16348 23353 6413 34347 17071 26613 17585 23340 33984 31565 23682 41709 9082 34942 16534 22762 16126 7706 12822 12087 30061 22860 13230 27254 15760 43539 10780 21830 25822 6107 34656 32054 40138 2835 32524 42187 47748 35873 43875 29513 35784 40725 4474 8447 13949 2022 10112 8586 45076 25417 15654 4733 44076 35927 30884 44725 26 27854 36245 47582 27140 3084 42086 13006 3641 24272 13003 13724 45226 14070 33298 35880 23214 2505 9953 14405 10101 40661 48878 20613 8909 23767 48961 38071 27860 47560 33358 21432 3832 26779 22981 30757 19109 25470 41996 47325 17779 49929 5469 6583 20050 17495 5617 39824 5586 34153 27843 42241 46847 14627 25889 39790 538 44141 43124 29362 37029 13666 12165 8676 38141 25372 45971 31415 38834 34674 18461 15545 20623 47816 16086 44177 24661 32971 16372 27977 28153 37193 18748 42383 18637 9384 15804 20062 18661 36193 42743 34818 24392 41799 31355 36163 8454 38312 46681 21464 28601 44502 23905 28407 20360 14026 20775 21252 11738 46676 41294 4641 33693 29076 23460 1641 5899 44571 7670 1093 1506 20349 47657 13241 21601 30373 31933 11226 46485 16085 28885 20117 40558 952 27144 43378 45825 34893 37837 14193 10699 10605 30762 28930 11003 19059 23699 23678 15264 19636 29474 39298 49926 26424 24872 14479 1778 48105 26370 4352 39473 41771 22835 45481 1374 33240 26054 21683 33789 445 27635 40007 10921 40861 29447 32273 31631 28908 21358 5530 33371 11430 45663 35260 21204 40202 48811 46033 21318 43374 25257 17499 47263 48780 4535 28974 26703 7615 19807 39692 27885 38854 30308 41465 4003 26092 35119 22015 45322 22472 38445 16179 16363 8942 40841 40981 42523 34227 8243 39208 36478 5179 15659 218 3754 34739 31881 7046 11791 33104 23380 48346 848 47723 33860 39038 16402 16087 7978 6242 40724 34760 24066 14547 46545 10831 5125 33347 46451 30604 18277 24181 7745 45766 37186 16500 40195 8753 29704 10568 3434 38636 2049 32125 37896 26470 21413 16723 33825 11669 47470 39614 40760 38590 45106 5117 27491 8743 19050 42830 20585 41786 20729 45164 1118 22093 45648 2358 47994 28760 5227 31398 4675 44852 17725 6153 15980 49199 48417 36663 45916 6859 16687 45721 34985 31246 26293 1544 46235 46595 40791 23334 31791 18588 26913 35718 41829 11623 46842 34659 23827 4673 15420 49006 10240 38386 12785 760 4579 47768 14122 5305 46573 2676 3325 20197 6980 10473 44885 32639 48003 21906 15166 45019 28113 37305 40504 28 22066 18093 28946 7230 20070 33676 23815 32927 41599 45772 18685 16678 33914 38876 32038 20130 33654 40640 7332 711 4309 41809 8700 2574 22295 23413 45926 19682 30187 23836 22712 10413 20638 29422 7813 35532 47869 29771 47186 1901 42539 5565 19385 15228 5157 15151 21393 17085 37493 25694 15293 43407 24918 40268 46816 49600 12990 385 27925 42550 35857 49662 34394 11208 5557 49025 23691 15280 18205 43988 38170 28789 45305 31001 10597 37665 29933 23981 15134 13813 40349 46727 21866 29323 42746 11393 42265 874 32150 3721 26571 44902 8053 38487 20965 19987 24374 46281 20621 17524 38220 41675 36960 44938 36238 42217 242 38879 11391 48655 17605 17290 33844 13324 20978 19309 41532 4220 24891 16647 37600 49758 7089 43310 43301 34631 32455 38729 35179 43742 34317 15278 12799 5350 40636 42870 6324 17824 35888 48094 37887 37517 8376 41518 34624 36223 3390 39597 333 38965 47979 20510 5061 61 27945 5829 16313 35214 8377 34236 12240 37768 13010 3496 25941 9923 2353 19064 36372 5042 46785 41470 40510 11166 47685 2272 22795 41228 35513 31338 45716 37479 48338 25969 14824 38551 42822 30023 45947 41079 37823 39567 48587 14932 43286 36248 11895 7746 41644 28695 40668 17598 18552 12019 22711 23215 8291 429 5143 6215 24968 40976 46240 7330 5142 24634 3432 6978 42974 26154 13680 45610 4989 38560 29117 24322 18499 17984 21149 9867 33103 4391 18554 5018 7366 37861 24793 24354 48015 17447 41225 45430 526 10214 38124 900 24551 3924 37352 46166 5236 27952 26219 18232 30364 20820 31153 37817 40229 30225 23783 12741 31003 1025 35566 12142 41511 39642 38366 13953 18988 36220 28286 49660 43222 44570 26452 3311 47645 43868 520 25080 13649 24695 13478 29799 31443 46956 2941 19017 24500 8317 42101 28105 48061 15408 45141 17511 40666 47037 4756 48902 46924 33553 43976 14692 6346 29157 24101 1697 32932 10552 47347 13308 44730 44873 22503 37196 15011 20100 44793 42790 31859 39887 28970 30088 7732 24174 3256 49630 25493 28759 23012 14263 566 31625 43009 6797 48828 19063 1850 8768 20261 5373 48383 32529 2617 31685 7007 2160 24709 30058 20620 43572 6470 28469 14897 7099 25552 23698 9999 30519 16635 30544 14353 12921 2482 48399 16292 46433 35213 21653 15216 29195 36297 41348 32172 16294 48182 7256 3713 2473 20042 19047 30861 38135 23456 37760 46294 1971 45778 4438 42316 29939 20418 39023 14 13790 785 31107 25369 35016 5758 31139 11885 14978 22680 39635 43843 24997 28871 20168 10611 32774 48606 14104 8782 18042 48431 40660 22954 45417 31269 37898 28338 26311 8213 7052 36506 32022 13713 7409 28742 29688 47326 17391 46279 22598 20486 23293 41607 38644 16369 19468 24447 624 3188 30124 48 20234 18324 46344 29288 20544 44675 23432 49745 10192 22181 42776 41222 20537 1706 40181 23310 26245 6952 35810 31055 20189 22053 21451 32061 48845 37366 9199 6202 2902 43628 10181 28444 32648 16132 38438 44248 41477 38291 37674 6537 46923 5402 32713 3352 25722 32551 47329 5638 35480 48162 16595 45639 19602 47510 3238 16131 48062 5034 25030 18553 46351 18761 8835 10682 42556 39682 17129 26910 29217 27584 29928 46751 19154 18143 31369 47349 17648 44577 47271 30532 7791 17774 16511 40910 39237 33557 13464 34602 29199 1357 15664 33771 10373 41102 40026 43276 44916 8762 37777 33034 29915 4348 6542 32444 20256 7590 38147 5459 43198 41650 39230 3574 46190 7864 33616 6740 39394 43828 16262 34165 11592 13494 25375 11183 25193 9539 15731 12782 3128 19115 46442 6223 4592 13373 38036 45046 3755 21596 45709 21693 20559 35477 11869 3163 6208 25812 21948 6113 28040 41812 31036 18181 44112 4751 13745 19815 21357 6203 7137 2635 25650 40495 48923 34199 5327 20443 21713 358 48085 48824 44191 39470 21822 35215 3621 13292 15426 16113 23572 44836 4131 43479 38191 2566 33469 17067 6317 7078 41314 17059 16496 43372 5299 45177 6173 4927 22933 29804 47187 4145 36280 42492 7836 11649 19342 1764 9809 39355 8280 21771 18486 9636 20490 16626 34237 27405 14780 4946 13642 46006 1744 40739 19186 8473 8833 37381 7567 41496 45241 21983 18945 14125 41473 38121 20569 13342 7416 9733 42536 10823 42126 31068 47972 38153 33307 40620 7855 42034 45530 27217 26262 24524 12187 11685 46498 40458 14806 31684 21076 39879 5448 9039 8661 44968 5556 17259 213 46325 40418 1368 17060 290 18431 15798 36421 42140 10182 44018 5147 23813 31255 20463 1991 8607 16742 4872 3096 17878 18443 24478 22501 19377 47833 3565 25532 41517 2656 22019 27944 11261 5281 10009 27866 23733 43089 46251 1916 46822 44124 45015 24309 30773 29141 20171 1132 48117 2456 32401 49370 15365 36038 4126 48577 43160 2726 6384 20406 14245 29556 22089 7731 6711 48352 18148 3459 7205 20680 40223 2433 47898 45291 37113 8854 29908 6447 2986 11048 18824 29133 27410 3587 11060 47490 8932 48246 22829 37392 11854 11131 39499 49145 44228 40031 32209 1660 25945 11839 37372 8803 21461 7738 40713 37225 37027 44672 42544 2348 9644 1587 22747 16659 42990 46069 17317 19284 4586 45921 14001 7190 13270 40011 38203 42317 47044 40193 19292 2378 23845 42891 20339 44137 13312 48456 35941 26317 29538 31420 49499 1161 13915 13203 13997 3314 22688 46428 1751 976 43031 25959 24846 45691 24112 29269 49703 8767 23592 48523 11143 17456 32661 47895 15084 28645 5714 3277 16681 10560 16946 23842 3252 4229 17950 12897 12484 25410 12451 27967 26238 22618 23162 30481 30409 33335 39884 28961 16721 37419 47117 47888 12084 31335 44775 15032 49083 6984 28872 33866 17102 32459 17247 20955 32764 16268 13697 1616 13966 4797 8480 47021 40245 8107 2945 28720 43277 12449 4294 43186 46195 35457 19383 15489 7662 45975 14553 32432 13396 18052 25247 1644 36267 27125 10926 10547 43128 19936 4133 35085 35561 29175 29833 43831 11395 20730 46696 22078 23022 6122 36192 14135 6181 24796 11329 4630 26164 28285 22428 20426 4799 12865 20330 49494 7683 4155 44662 8860 4492 10947 19013 34510 33694 49065 20534 39179 27698 19274 18776 15851 12772 46862 14517 39561 37780 12557 1992 33765 29293 30393 21665 5000 33140 7063 26223 18548 15171 24253 38435 9504 16327 47813 42025 48841 39945 31956 4206 3756 26171 12327 23224 14087 14620 29173 21995 47480 6047 5300 49068 17426 31406 10502 25569 5214 19897 14861 15924 40385 5492 35433 49009 49055 5380 19452 19685 14710 32983 17784 845 39046 7470 34036 42767 25393 4767 5647 27453 30997 32101 6910 3205 13899 4761 28111 15904 19662 44440 2739 11001 7224 8697 27341 22429 15955 24559 24388 37449 7885 37960 16790 25132 32485 39404 21467 47492 4157 38541 22867 4943 23670 13507 1677 9646 24662 14495 46469 5533 19582 8505 22114 47788 3580 35441 31722 12861 37816 9557 44904 17307 39525 2866 733 36616 31086 8971 4830 8458 3086 8188 11759 46844 20808 19574 3095 22567 49918 25757 1853 36761 49644 12922 14946 29092 14615 27559 17720 26621 11102 33329 42957 16772 44660 30603 43731 8587 1533 6175 34995 39142 40033 17911 31473 14022 7793 20114 34648 31025 39855 11912 5539 11672 42327 37597 46491 37040 21008 3117 5447 46386 34643 6652 28019 27436 18912 34311 33578 3458 7574 22412 13295 47254 27308 37959 16861 33587 34089 49626 4793 17704 44823 25044 19752 17881 22576 23449 44005 16941 14971 37846 10178 44819 38245 2843 35509 26185 10778 35145 45681 25389 46358 2250 41014 45361 46998 45537 48638 41290 7412 19576 20789 8060 26781 23998 12891 30367 25972 18687 13264 35969 27942 15217 5546 37417 47227 25085 49905 46389 25069 25233 33288 6826 22200 23525 38813 21547 21867 45775 14283 43698 42894 702 23241 41161 12432 31554 2345 7421 13472 867 36339 22761 19681 4035 30264 10846 47346 38848 17980 13145 27907 43750 18937 11610 33972 45892 10283 4214 4752 25734 45056 42761 37511 24245 7589 42375 45838 47145 36526 18643 15323 16564 6536 37284 18561 30671 33824 18925 7252 20376 27671 10994 9529 46317 4205 3949 5814 35092 14406 3977 46600 16299 48265 57 44410 4039 25587 39585 18200 22522 3961 23412 46965 49274 22322 7336 691 5952 40905 10811 48191 1523 43656 18788 24971 40408 41944 13327 3976 26561 35896 15436 8625 42792 47226 8425 32754 878 20497 35056 16053 21956 44997 10167 3624 14986 9396 42228 42226 13740 38112 41661 24402 37987 30423 32216 22637 24145 37230 21629 30606 33876 34087 42478 31505 430 10149 33787 33597 44143 24140 13693 27862 7153 36924 25676 11457 10439 19044 12201 15048 13931 5629 18065 10773 46556 40277 47467 28769 17901 30502 10500 34937 37208 11671 49263 8754 32419 14929 14293 4878 4789 26233 42493 2658 39613 22912 33670 14943 11436 34481 6626 35077 33955 9794 35662 15279 14200 34959 17834 19849 22577 34294 12282 12859 10995 49165 8784 26577 10426 28251 24590 40908 5569 34541 29095 933 33633 40614 21485 11694 14733 9964 1892 12211 41701 3974 48870 32622 34614 35859 10034 15533 46263 38771 10592 6053 9212 24961 21337 4779 36338 12387 23537 48216 20028 32569 16518 28002 8982 35205 30200 26193 20067 22329 48720 20032 1842 2382 37217 44921 33369 49035 15918 25877 1679 46021 6653 36198 18492 47408 41649 6849 47564 29324 43019 17829 48944 39910 16216 26569 29638 29496 49844 7140 4688 44388 16507 11937 27577 44080 15700 39727 33390 21340 15088 13955 22387 45565 24605 43804 42279 12156 10813 12659 47836 22657 8500 16187 1330 22260 28802 18399 24430 11296 3467 19841 661 5344 25608 43115 21329 812 34757 45122 34162 25479 24584 11420 844 28786 9203 36107 11053 40037 400 27999 18384 34660 1055 23781 41601 840 17737 41394 43422 44695 4178 7422 46988 46306 40184 2523 43989 440 41262 13664 41880 13104 114 7971 26115 8751 14635 28609 36798 42081 13213 44415 13712 40115 25433 48754 44880 13744 21355 30462 49872 27606 24705 23157 3763 28763 16818 5915 26809 33061 47521 47712 120 35592 16437 17574 44027 35994 34577 25405 32298 46951 11529 5700 44302 49582 3520 35856 42738 23897 29265 49479 3994 27817 42420 18881 41647 13627 3497 40075 13189 26203 21508 13703 37359 15743 19208 44506 49022 48609 41300 35585 32100 17299 31833 987 13808 897 7229 1471 19181 42774 19898 40017 16729 29894 48933 10637 42641 6932 30620 31129 26522 20863 19709 18802 1383 22511 21946 5213 16852 36203 21702 32313 26576 13191 34976 47386 47412 24183 49164 15579 21442 29238 33201 8600 32393 46009 9593 22588 33230 7361 28577 15233 44576 48761 19171 12281 36417 34163 32739 43585 35089 35706 33535 40507 6449 1833 38231 37361 2528 31621 14829 42987 37725 13094 16612 7120 13561 21872 12567 30889 23870 5073 12800 45724 35510 832 7631 26892 39603 491 23360 41688 12152 19921 1790 33767 2264 10076 28229 17210 24330 21070 34273 31825 6358 5777 24990 12470 31381 24762 43394 36407 49552 28782 24711 8242 44759 20179 6235 48179 37840 27475 48274 15511 31750 17158 18578 5854 13276 30763 3486 9179 24921 36701 28626 18769 5757 46996 10443 7915 42946 21429 49073 6097 20059 27538 10088 19559 48634 9924 25843 3835 29870 10939 37605 30374 44304 5889 4796 29979 37354 30694 6370 10280 14171 40743 37106 16199 46060 39923 8067 45033 25845 46476 24281 6813 23952 22194 27948 26846 18907 45662 49040 15575 38804 3330 16528 18413 30238 25402 36557 26497 44983 39514 30888 4001 13005 2163 22965 3510 12097 33128 19239 18178 3667 23506 22946 38443 49746 42354 39697 5784 21529 27109 16844 27280 3025 5358 49937 16689 40594 32338 10433 6306 32104 16063 32244 23236 21305 11116 29015 20540 15289 12617 18261 21375 31720 24081 31401 13787 1328 20814 3033 17196 46490 5139 49316 47030 27778 15778 24837 37769 13461 22433 29318 32246 22407 29450 19541 9010 41375 32723 40220 38617 6382 22821 13403 45499 30020 24423 34023 43236 34082 26847 46815 39607 31460 25620 49167 21642 16797 27712 1253 7276 28009 10741 19839 28446 49683 14093 10194 36058 11593 48280 1711 34268 28745 9764 1482 11207 13466 7301 24096 22886 45695 29640 33078 7403 38371 47429 3022 42097 8908 24254 16720 9169 21620 16766 31703 34128 40956 43694 49778 37851 39286 13820 28870 27769 8809 37078 9176 13402 48839 4949 7908 25627 41970 38069 8058 27031 5869 1001 18388 37089 41323 17632 49471 42476 33497 12171 26767 1071 4887 49481 37249 39403 20988 43273 45969 46882 27789 16359 3424 10254 21751 45844 15446 19236 20527 28463 7752 39654 45325 2775 22467 11773 29602 17592 27863 25908 16649 31969 46878 16077 37262 15192 20964 6754 49360 42138 12164 13470 7030 6808 11274 35769 37999 6282 1746 30781 27484 39220 8106 6395 24230 20991 46981 14639 30959 22537 5264 12366 11812 9273 17182 2650 30287 17148 39330 11794 9061 21911 3929 14439 19879 1675 29616 39139 32938 48954 48343 19249 17516 23255 43234 49701 36347 40381 27420 618 45472 23976 1321 28894 44843 13838 42852 13648 10089 31796 4383 27990 27659 42487 2287 31069 11824 42175 663 4449 7945 10215 34028 25639 46635 39189 34987 40658 13515 45956 40826 25840 45311 27130 46401 17575 45676 7203 33105 40065 43782 5016 40234 6031 38684 1965 26653 49720 9690 14431 1327 24093 34175 27285 10056 2675 6905 32684 14228 2306 45669 44542 7115 11332 36742 25127 18156 25995 7807 16857 40753 15143 21256 4874 16297 7781 17791 8266 31514 15157 15746 22544 10475 25738 40897 8880 35508 48359 40208 2149 13602 16296 211 20124 5962 34944 20714 42519 21537 14039 18834 11046 48098 5226 1115 33788 15267 23079 43390 40522 16680 30224 15875 21856 5713 15028 30396 35576 46207 25977 48867 47518 46049 29492 35744 47385 20563 6154 41670 48532 22962 25143 26070 48214 14234 14638 7533 4924 10012 47641 2618 17965 33504 30096 45444 27391 8552 23617 18792 21370 24466 29037 7191 1873 20129 48157 19009 37805 40250 23181 6731 11692 46802 13363 10347 31555 45745 48806 28380 25001 30608 33901 1315 20564 2464 32197 45903 37705 47583 12904 24269 34640 1305 41690 28741 44893 13186 21416 44311 39732 40870 4845 35827 12912 14300 23017 25419 47121 2700 11387 34092 8039 46652 38317 40461 14453 20388 44909 4332 28452 561 16218 33071 43515 23894 6083 1543 26790 42037 5764 25042 39273 35881 17929 27764 34439 49743 10345 41020 36481 36940 40064 6360 27547 45789 16730 43468 9642 6399 14099 46953 7691 9721 49919 30362 4505 10569 30463 6011 22622 9125 18154 11403 32933 13192 2443 13625 31588 43494 45528 31254 39658 20777 28752 17662 12326 31170 27080 33934 49845 7756 16791 19042 3386 27032 12124 49854 26905 1813 26500 19155 10154 40456 409 7460 34844 44404 13728 30794 8878 9928 23849 43421 38630 27786 33304 40716 35894 47172 49180 43624 36429 17396 3879 42833 36470 28750 14727 6833 27316 43502 1791 42667 8005 14715 29113 5026 37418 29303 21311 20269 23685 8123 36660 46513 47466 11118 47711 44350 13639 3448 36766 14424 7558 45981 1166 1631 28983 19336 47718 38836 23816 28071 49296 30725 46798 22630 19608 3082 7770 29378 20598 49572 38421 37713 32175 223 45255 10390 25167 44087 10340 24544 47646 17734 4560 30048 12027 24108 7136 38764 33907 25903 17928 15817 7528 36569 10981 12574 15784 17466 12125 17771 39850 4806 38984 219 30041 17077 25555 33629 47587 37939 5722 46854 5701 20721 13347 48611 34512 22790 19012 12505 29299 17742 45027 30841 48948 49798 25244 22801 11657 37189 32568 25714 39006 44097 34948 507 48760 47571 42291 4848 43938 21648 1275 3110 26366 42890 14481 6541 24776 27926 28214 24664 19092 25415 26565 36325 20864 34750 22400 35697 4917 1127 46753 46754 13783 33211 34617 25414 13246 20792 12285 47985 18257 26396 22364 35743 1154 41303 48408 44230 2758 2282 24223 30741 15666 20712 47278 11996 36547 1342 3170 33888 26276 3905 29379 42566 24569 48437 31318 25175 9935 37701 278 23262 34842 38888 29809 31333 5181 17553 36144 40849 12419 1104 5338 29656 1037 26939 42438 214 25278 11530 25906 11804 36984 34759 25817 8756 41370 14976 38605 16481 4007 13166 3108 15713 41839 19345 23522 27919 8764 12494 6443 10372 15119 47012 47404 47270 9231 26130 22713 23939 9866 3413 25241 18759 21381 27750 175 27974 35600 44354 13853 21681 28942 1835 46645 34361 28728 19522 10852 21301 46458 26588 49741 35759 28216 37627 45939 35238 36251 21082 8896 13729 34861 2707 40279 29352 17687 12313 4637 21820 47481 1034 32198 19418 39714 5296 19248 41659 2033 33021 24204 26178 41214 27826 24157 7463 2485 1939 27303 32617 48153 41867 12030 15354 27581 49318 37773 33691 31779 921 28479 13108 34663 41918 36431 25136 24115 18866 48730 10698 48946 47576 19545 12883 21419 28361 34528 30854 1336 15208 26812 48036 21488 784 48469 49317 30382 46 46287 19928 12591 32914 35621 43827 32715 24473 16660 29994 33331 18918 35410 36781 43650 37923 42650 33986 29982 48952 35712 45116 13941 6793 14634 34450 38632 44145 44154 3274 15399 16938 25437 19193 26297 26580 21024 43545 10884 16663 38039 23178 30626 5705 12527 22939 13938 28291 2195 6132 44214 39352 18682 34130 31300 8254 27234 9355 26821 33058 3708 8939 6783 15585 49661 43630 19301 4561 12560 30677 32705 1560 3564 19413 18238 35420 48892 5860 41740 26946 32683 46001 15139 23372 40066 13910 48358 42847 4576 27184 10697 26622 39418 31286 18731 5478 37387 11103 35407 964 49477 3778 49378 14207 34808 35549 31690 3085 6801 11214 47162 24030 5079 29136 11946 43974 22763 18567 47640 18807 33444 29544 25072 25618 34874 13991 37638 31186 33608 27841 35890 20973 27271 33492 22620 42082 9001 14415 45250 18617 45147 34662 8944 48602 40222 39768 10028 27384 43174 17787 47375 39519 1404 44385 25600 20469 395 38103 32634 28696 47955 33054 28422 39560 6433 20243 5878 18013 39415 29107 13544 25792 46664 40731 19700 22993 30321 39665 9767 28963 31073 49335 18304 17594 16346 5762 14624 42416 26438 37578 4690 3253 36082 42295 14823 11174 12284 33246 17174 12295 35907 27879 46557 21756 7204 42692 42143 161 41679 36461 2223 31121 43478 31020 39063 31935 34422 31407 34847 40559 43338 26485 37800 6267 26625 32127 27637 49365 28451 3431 18137 32186 34406 14331 34222 26123 35813 23745 14888 45888 5744 22056 34073 38987 20366 8036 23235 45840 27998 29539 5632 7780 33944 3034 2573 3823 45973 14199 29996 725 47703 19250 41871 3079 29966 35776 12914 29430 6807 13490 38297 5753 8560 47705 16022 21618 42218 19985 13495 13708 29311 2354 8758 4047 24164 39235 5840 19912 26240 10632 45932 29054 44375 39940 49067 10268 40239 25035 29166 45972 34283 40996 19911 21101 48889 27200 19734 20570 16957 49913 22296 47690 49607 24002 47240 34836 35629 9036 12533 47321 22130 47351 37844 24105 3139 35196 48530 2706 32548 9309 2050 962 26627 19890 16560 24739 22036 10870 36425 3785 10554 7839 12943 43191 21478 28114 8874 11298 4013 17919 6042 41792 5903 32215 9428 37659 44619 25131 19880 17786 2745 28979 8142 45107 20271 1757 35006 42186 4758 2671 35876 22545 17050 2499 2623 23225 2337 49197 1568 44649 46973 35247 34160 8883 28867 41017 27660 26467 40005 17464 41002 9630 41754 28304 35191 1018 3616 15406 1872 45381 48122 19997 39710 10825 12986 28534 46662 14910 17713 23462 41509 30292 16868 4902 35488 21876 38490 18184 26796 6544 30466 5650 48681 48872 20940 1396 23016 5126 21996 39716 8682 43112 260 2365 27509 32735 43926 17180 31411 14712 28408 43289 21483 32924 2990 38449 41928 41096 27714 33414 40147 41031 31756 44918 22253 41458 55 5636 16672 16464 13053 44176 13912 11504 15977 36911 37256 44171 4627 4031 12979 10664 49505 28278 6418 648 1896 11650 27579 48695 9941 36081 23269 1758 30337 19481 38748 12872 17770 5870 20287 9104 9735 14537 24527 16258 6372 16727 34903 14057 49856 24395 24258 39681 14341 3984 19062 9710 21635 3992 12824 11643 36553 46322 32072 41642 31759 32046 37913 10086 15518 46966 9727 27623 15806 26947 37524 27119 8463 49592 41103 7221 26194 26102 6938 17864 30887 35588 12551 16563 41503 18206 47416 24612 38683 43443 45274 10558 32694 38012 13452 48048 43350 6692 7948 26747 2116 38895 27425 41135 37641 30882 46806 28198 46795 35363 15623 43159 47050 3804 33583 35338 2906 18317 25037 40532 12814 28734 2662 17603 45251 11019 9875 23687 6845 30571 28149 19984 40828 46743 38377 49390 29802 26624 12461 41044 49512 6505 35036 25224 35405 7280 43749 6425 21852 42562 32845 11405 45227 33940 39688 8456 16845 35394 3543 16926 41902 21364 30196 47770 32337 24054 39984 5189 16213 27009 1473 586 26687 31183 45023 200 37824 33144 37427 11998 44995 43288 8408 24734 30340 46378 27903 29483 29707 48770 43993 48625 47941 10533 3893 30320 9952 42967 15484 29808 28691 11243 2157 36056 16880 36257 23472 35599 40059 27044 7676 24953 7639 3734 41836 26498 4824 11466 15437 6125 18968 25363 33976 22388 13041 16743 2254 35252 3871 6982 39794 29198 24305 28858 25176 9388 1230 6914 1483 49862 11928 46537 8723 23300 38339 756 32838 29399 39864 10691 20101 49422 34595 45605 46939 48993 11866 49876 48307 15451 46030 20332 47104 26125 9152 5420 27380 12076 47709 29633 39529 29969 29100 14584 38656 10685 15748 15114 47872 47602 9442 30390 6039 30091 13688 22774 35190 30554 48065 21858 74 17609 3109 23005 9621 11528 39447 230 35181 3967 27996 35593 4252 33595 4524 5270 25135 45359 37648 14622 45585 44510 18068 19570 327 12162 37231 48595 48800 36921 44310 9637 30826 11970 43197 32086 38213 48034 45098 14565 19426 31450 3200 46979 12926 27962 44738 29569 8012 1577 3944 20635 17624 43716 35463 2451 41526 12868 33472 3411 3287 34115 22669 39953 23749 23204 18429 40698 16991 13832 34513 4621 48205 33928 19960 27553 40523 26724 18380 24362 31646 34603 13986 32753 25529 49589 48950 39620 49588 43208 3462 24049 30016 5480 866 20282 35658 25733 44870 773 18490 7158 7350 40655 31076 6311 19882 22027 16985 2206 43133 21608 22525 28887 22457 7512 4189 27163 36932 8342 38100 6860 31912 25463 7737 28217 13228 9311 40551 1316 16939 42470 26954 7940 49312 9478 37175 43607 11784 32923 48278 23192 4124 47674 3042 32399 48349 1274 25499 15799 5032 13299 48101 24047 2896 21007 17080 4320 35660 805 45985 10518 7968 14383 26417 49625 39401 41797 1278 39535 37336 421 32811 6751 30924 16357 32539 9782 47134 14292 53 10407 41866 13127 37360 4856 14965 25261 19629 29263 42816 13901 22627 30157 27448 3872 6166 42927 26110 46716 38497 2318 48270 17700 32231 33173 8573 47534 240 37593 25597 15855 41820 49075 573 36992 44249 34919 3136 22268 30986 40525 9777 38223 27201 33908 6985 33392 1693 40118 36782 20037 45482 143 647 27506 8556 326 32148 104 28206 17719 15719 31683 30485 3602 2602 8539 18585 24831 46226 41428 29685 44777 11032 48079 25351 4765 25480 2385 6841 7062 9331 1156 12414 14546 165 47981 46079 40872 33158 18151 8736 29998 32234 46733 15045 47427 49202 13759 11958 42555 44324 11021 654 10871 46459 16392 21422 26951 30336 9791 39818 34778 15809 39738 41448 36090 24312 45673 46902 43472 13701 23405 21014 10497 45400 33490 48924 43870 43371 41728 30697 35937 3231 44550 28441 13609 32869 2529 39788 14527 8967 18063 47003 36846 41668 150 8975 14859 37996 34418 1656 45339 42758 20492 35749 22755 33292 42860 11339 37377 42912 7304 22454 37942 6148 12168 9511 48461 6067 24262 4762 8859 43730 14569 38175 5813 36210 18176 19873 3203 19913 22156 1909 17916 30173 43196 30675 27947 22748 41347 25798 2286 22917 4532 43373 44218 623 30534 6347 11370 30125 29016 32904 26829 6439 26364 42209 3273 45997 43819 18870 23605 37206 12740 30919 43225 2188 49716 35121 940 3948 46463 48644 12253 14420 21516 4619 48654 38842 42355 33680 3415 40710 45330 12306 17637 30547 11177 30682 43480 12991 44669 16709 33653 21328 17230 44000 27690 7064 25357 18469 28312 47834 40032 15369 15412 4574 15058 16037 10763 49260 28475 38306 38906 14274 16712 48912 37857 24619 38621 39135 23252 36589 40070 38222 11609 18898 39951 35236 11259 1063 46215 40467 16627 16942 22845 4284 31751 43548 998 33827 45930 9937 31280 16303 17921 23481 6615 18987 11449 23626 43822 15872 41540 8545 26814 49718 7049 34403 30259 10595 7281 5044 6844 9824 14906 35332 33838 7821 49764 32302 16069 24976 32466 21245 8474 48818 35753 17018 25520 41067 34652 43979 135 44651 2763 45200 25862 39693 23984 33344 38444 28203 27275 553 33136 41479 20593 10677 14118 43512 30307 31585 35568 37870 29008 40639 26950 35806 31341 33885 38173 18954 29946 37124 43808 30144 41452 17542 21829 24379 31901 46661 37980 40128 13493 33826 4160 27867 17278 5004 48217 35122 1182 44333 8201 843 743 15415 35120 793 751 37472 27618 9378 19175 3859 15959 3549 2246 19205 4580 6975 38489 31271 13814 49912 39647 1381 15630 13097 21621 27230 23129 5429 34482 35136 1249 37032 26741 21520 3465 15081 44455 41737 14482 33882 49049 47193 12379 25058 34149 46443 12376 19761 27500 7888 18814 34056 2097 19098 38530 42991 44935 10742 5014 27346 10077 38559 10099 20361 47439 45272 44780 31556 11108 41460 41037 43780 30595 21731 612 11316 4069 29163 44067 38473 38305 45763 29547 28849 47414 16714 12070 48612 6672 28254 27054 1709 5085 9908 12460 34485 40673 47459 47793 45865 17253 131 42338 28555 22495 25336 16745 40592 9863 42341 39160 10539 6766 5833 42809 38190 31669 254 42988 44910 40990 32717 43120 26406 5056 38030 17685 39201 319 14303 39996 7106 23096 44285 46614 8921 8285 34997 44926 20461 10355 22138 31985 47146 40048 29739 36864 32177 44835 18230 33221 18034 47160 47302 36255 46910 42612 20532 1911 28853 36077 5600 7197 37269 2600 46999 8277 28648 27149 3883 29268 20783 638 9629 24310 27928 30630 34331 4014 12967 5171 19776 26700 1252 19304 3714 44696 2756 22573 41810 20743 5846 37681 26012 17084 2141 39482 22977 30526 18856 864 31670 29036 48096 20581 7401 8373 1050 8096 6035 28903 21302 39455 33649 3920 7048 43683 26807 41403 48590 10972 19340 38041 39083 15931 43107 7675 47309 33040 4656 33539 6618 38708 36517 23258 37740 37831 20334 29090 32827 5896 42184 29639 42836 1324 11007 38088 30660 11934 33884 34524 45432 24343 20633 19367 29354 16224 42212 1148 38786 3643 39255 7678 29151 13135 28775 31372 39293 40769 45712 32326 45085 20252 26695 29105 10858 46538 10692 13436 42461 48672 28328 28326 38378 14766 23995 25740 40370 33692 47188 32998 47074 7682 43346 44140 45786 39196 37470 18129 1787 13718 44957 5199 17985 28079 15580 45783 15462 10499 32355 15079 19595 31413 15235 33228 14345 32194 9495 7642 18160 46081 8389 46487 3324 9627 11186 32470 3331 37693 15488 35933 33784 6273 19097 22896 43023 18039 32841 34945 28839 24822 18058 13106 32990 42063 29380 49399 7883 19078 21426 40986 9512 10772 15534 36691 31082 128 43709 3355 39308 26368 7603 28491 29337 32975 15256 44182 33496 17819 43697 1733 6539 11095 39343 15754 17276 37535 10762 7439 39175 12456 24601 6404 734 33053 46219 47435 35867 31309 44593 30707 39078 49322 49228 8400 627 39058 35755 17825 8022 666 25825 1649 26837 9753 30406 43833 13827 43745 12936 40328 38463 12955 14445 12292 17671 32976 29191 11028 30538 18657 34124 32857 47907 24170 4948 9141 39070 40852 46983 49225 3746 9972 17446 9314 31940 39242 18470 11808 47284 28914 20908 27340 49112 23760 2578 7632 23292 19932 15241 7977 9691 41321 43086 37730 14190 42489 43122 39678 40382 31336 41721 19649 36873 11864 37849 19753 32518 49603 28160 17486 49210 41082 47862 6159 46170 24933 24596 16257 16336 12590 6214 40824 37656 44382 32686 34531 38259 9670 22743 28061 12077 31896 18507 21748 7291 43354 11058 43045 33147 2956 39378 6078 563 32500 1793 35099 39684 24539 47578 42972 43684 11463 11814 14772 11537 2860 39466 43010 12605 13388 43736 30700 8128 18941 41129 49003 32446 44581 16864 19333 14374 1520 40917 48350 35965 28926 48711 5706 33215 31633 3408 13660 49586 10027 47936 13233 6233 44640 24208 10153 22515 30747 39579 1726 21374 30749 14514 19926 8654 2089 25279 4389 33060 9374 12686 34569 8260 17367 5471 37143 45388 36664 31513 42415 18195 25567 3048 34484 4120 30330 4582 47243 10960 42542 46040 37102 7286 30523 30483 17715 42554 21610 17505 10424 42747 38598 2403 3529 5316 5815 9522 19510 2729 4818 9348 43484 22176 24790 41164 26604 16574 18890 42292 48467 14557 43558 21670 14414 41361 36252 40485 33498 23358 15966 46418 4882 5607 47194 34355 24775 33417 15144 26667 5010 45273 44276 5872 32895 7555 14418 634 1129 19111 24144 39481 18970 45512 29661 12096 6190 43600 8104 9738 4478 1236 14027 28674 11170 10650 4182 37854 9320 4717 43789 36950 30952 46483 49432 40780 21141 32063 8806 49407 43359 2429 6400 10989 44453 3240 34755 35734 34264 6176 14530 28418 10849 15007 44774 9021 37216 35435 27100 43897 19529 6605 169 46927 36316 3870 29629 24175 10835 30354 37882 23975 11283 37041 14150 31706 20639 20356 33775 3675 18921 19006 5 19840 770 48861 23244 35884 34187 4270 13972 7566 45958 30687 46731 30234 6191 39571 31815 18274 44456 18895 49430 25490 5675 37974 34456 43444 6066 14284 29254 25557 11770 7748 19918 203 47500 9346 35318 40814 36288 9247 21531 22892 5621 28658 37783 49148 41938 32147 8770 12988 17423 48798 45898 43440 8208 22676 28747 31393 22552 7832 44787 41968 39901 17301 43149 22974 30486 40393 46528 49893 2914 8409 36319 31077 27516 43787 44878 28148 40401 46077 30723 12471 18827 12610 22735 6256 45856 42125 36731 23834 22894 686 5620 41695 10820 31507 43290 41128 23930 5500 29506 31627 20583 46421 18556 9834 38586 44116 43235 34961 41655 16613 40348 18536 40764 3539 6803 26449 4854 45334 20728 21067 14966 33932 9283 17078 42263 15762 25550 39116 24139 3650 30138 33677 52 2762 23784 31595 14462 29119 8949 2680 34681 37758 8816 7928 11636 42330 2607 14379 6798 32095 33410 25770 45442 47452 4776 6092 11862 10229 21750 34803 34827 23102 27898 25145 7459 26393 30711 10663 35211 5449 38151 3791 26044 46101 3359 38613 43252 20082 26864 43181 19266 26274 45531 47628 31682 46180 27185 49672 29201 14362 39138 32719 30632 27808 29304 30684 48503 22404 28953 36897 3041 28056 20711 6630 43282 30262 1984 15236 33900 7742 15479 13833 6609 12408 9766 1691 17312 21609 15174 37334 11644 13372 37515 8827 2143 15996 7298 12256 2053 19353 2185 6765 27614 7253 34197 12399 24489 42798 28701 14323 41353 49527 28005 14556 36878 40919 45802 36721 36106 15243 42508 6299 30661 6000 30938 26925 49750 2952 46908 14992 30945 991 16144 6428 49809 46495 34474 13894 23993 33074 7167 5805 3366 36839 23581 29245 16383 46919 212 45237 25378 46781 13684 31845 29715 32977 6472 25262 1019 44181 35232 37122 10671 10689 26820 18219 40642 20855 1620 44376 30276 44733 49457 49947 19219 39488 25735 9699 19381 14296 3031 10478 32564 32635 31022 17536 40320 29322 7458 41406 18453 6746 48396 32001 31551 37668 31855 25425 23566 29550 37112 13932 44347 48185 26074 11733 18054 44178 37874 2074 48739 38802 9873 31971 6921 41318 24506 36630 44480 14434 8439 10114 27503 18648 7725 28910 9664 17926 5901 25749 4312 9342 37398 34091 14066 31784 21214 22958 32247 27838 25209 1727 10626 38253 19836 21566 47830 15538 6748 33153 439 41488 34001 34518 41288 11442 33862 27288 45988 14315 8295 4699 17122 34765 37469 34417 5606 40233 11716 25049 27203 31795 24736 43073 5221 20835 25165 11009 16567 41369 26520 19534 30566 21472 32019 46895 32579 30242 30585 15786 7278 23908 45644 28150 38713 1390 20419 6872 7513 37294 25229 40844 29021 46005 8955 22120 1344 29765 29519 17419 14698 19061 14984 19090 49404 22959 14028 45658 37881 41399 20145 20371 35240 13488 16125 26322 22256 34506 38082 6955 29646 39281 5584 16170 1061 8171 20672 30872 27244 32987 7214 37596 22344 47634 34589 36184 34020 31656 23498 4486 31205 41995 36466 22316 23397 41674 33004 28721 40991 44869 34372 45345 24385 49709 20514 28675 12729 31431 38076 7716 7867 47337 34899 31745 12294 23052 45199 33675 20254 16024 30991 31863 47457 13446 33856 25052 3545 30877 7442 31481 9185 35787 30410 9460 28042 40715 10374 49183 4983 31422 46803 29514 31642 37168 15782 34412 43887 4137 20010 45081 23418 23029 35204 23724 32745 31611 39441 34325 47262 15429 11069 32864 26934 21272 30635 48922 33512 13659 1977 8851 20238 34282 20997 8018 4939 28435 13218 49237 4617 18460 32733 34275 33219 17830 19286 13635 8669 7102 39836 36777 23792 22471 35950 15239 32851 813 33754 26542 16780 17389 42258 48447 2563 28190 37547 18847 3843 37244 25226 48424 22546 48665 49545 21001 11111 24803 31984 6719 48154 43652 30426 12104 31132 35899 8313 2868 10501 33507 1204 46735 21144 35789 25365 36936 6255 1866 24352 25482 40321 20719 31511 30057 28001 42070 49537 4780 38465 33543 29439 25441 31652 42669 9574 33236 7944 9979 26682 43028 41681 44914 25685 42681 35984 8614 346 6715 34983 49775 12637 24801 19288 29215 41339 36559 13954 32908 46440 35188 23313 46486 40345 16382 19739 14963 37494 7717 48261 11193 21507 13291 2412 39842 28016 35178 37466 10792 45202 33458 30066 15249 27268 28724 20813 13130 8135 11328 14637 36395 14762 28228 18006 49565 39315 12830 6155 37720 47893 5323 16965 28030 45654 23479 24077 38868 444 36263 39120 39119 4367 33341 16767 34657 46646 29858 36074 37205 39520 11625 11136 8933 37424 3985 49706 49414 33524 29618 7624 25256 26958 46214 13398 12089 8223 36828 29017 11234 36086 34892 43256 21391 26242 49103 42332 10946 41594 2576 43983 43952 5970 13898 27322 37238 4308 8305 45587 13541 15890 35150 21840 8822 1847 31689 46374 46107 25310 7319 16554 22744 35840 12709 34440 8853 9806 3017 6351 21462 44716 38807 48257 46955 39477 14695 16469 20310 5021 27091 801 2150 23999 10321 8419 9072 30001 49822 442 43606 26713 3127 9668 10384 46916 10571 31771 8289 31610 14768 30901 35854 41266 46106 1223 44804 33919 12127 8391 36236 1196 28692 46567 15917 10222 12080 30691 31023 17815 1501 4173 4349 8769 28215 47779 1428 39759 38893 14014 19100 35261 9870 5433 33710 1725 21353 3444 44235 4045 21581 35924 1655 16609 48016 22416 8033 16703 31862 7257 38494 34733 23 8133 39367 30943 23421 22304 1594 48369 30046 12492 18292 276 35639 40047 25984 27642 37025 9736 34027 34112 29489 8119 23994 8052 41426 24283 44519 48837 28897 47327 40178 42150 23401 1708 45690 8235 22621 22278 34906 8684 9497 20034 27467 39040 42173 14503 42517 27505 28335 3304 44463 22107 28676 39756 6877 6464 27246 19887 41295 29240 37483 14686 5955 36577 23163 6644 15909 32594 24746 46834 41192 35595 152 915 4933 49127 40361 8571 33890 27788 45714 3722 2313 16561 23527 18050 6498 17297 24720 8207 34141 28202 38587 35398 1458 23329 25666 23548 11965 45937 37285 1743 36643 45300 13880 46721 4696 13734 24224 33801 30108 46148 44121 30962 42686 30978 23339 27060 36745 17407 14618 5554 1953 12701 20394 45582 28569 48458 17198 48344 14080 132 25654 7443 48773 19646 2114 28135 35534 5551 8985 35310 9906 29074 26112 11888 24745 35572 18629 16629 9233 41143 49719 23320 23742 9413 16308 14017 22335 1926 44432 32874 13146 11488 24215 24874 9055 25998 48174 35039 2969 21417 18018 16871 1224 34936 27931 38651 45105 49341 49485 1834 13399 10683 4896 18089 31681 888 40371 25729 19861 12026 17029 48385 21943 48728 22325 6005 9956 22257 25674 38342 40148 40172 49838 1318 49623 9334 11280 40997 25527 2436 10766 27277 37747 16725 24936 10581 46250 31828 15469 49102 46782 33678 10278 10017 13534 48446 32465 44739 22230 42786 23149 8113 1921 32463 1993 14280 16867 12356 12749 30873 38111 42367 38199 28653 45684 15583 1930 20384 4628 29960 20853 18071 44258 40964 32902 7473 1326 12277 27667 48647 33395 19162 10275 9214 44054 24168 23495 2389 32592 45894 24265 9550 23451 42821 38859 46518 40019 44560 33345 18124 45845 27909 28476 32771 32145 44980 22998 13652 25088 23487 26098 43216 36387 42278 32121 22961 41500 34191 1779 2457 11128 30050 22727 41343 34799 6265 3067 2897 19894 16824 36931 13644 30073 38606 40902 23818 16181 31225 13320 31110 30692 46858 20378 16278 984 31113 40056 1685 2503 23155 25970 4042 46788 3347 15539 23945 49096 44439 476 28667 7992 38913 42061 9198 46315 2115 23174 40808 23464 48536 1728 39574 13514 27901 895 49149 45970 42230 48453 18326 39106 39031 15466 1490 47837 7148 41873 36488 28256 30920 48864 11042 19741 9232 34790 21989 5892 48371 48656 12520 5022 27526 8577 44155 37435 24141 5717 14438 9551 42242 1259 12236 15936 49823 11703 16337 14156 34337 1280 2276 43129 29883 41971 43324 19139 5803 40784 19349 3175 49363 41624 30628 42936 26236 22001 34979 45919 11953 1600 7404 8229 8962 19695 19772 38800 39706 41514 7008 13873 46686 2162 35980 45630 10337 8537 519 38192 28301 36789 16373 14664 1659 37885 3189 20495 34340 11477 39755 16247 31807 14666 27576 16318 23167 32801 853 26827 31321 4626 15277 18158 3379 21190 7755 47436 18573 7972 22199 35464 34611 41939 20709 40091 10277 17927 25725 13605 37295 44320 4972 41795 5136 25507 13889 29334 11347 19014 33326 39956 42055 42240 16707 41163 19598 37184 48692 6496 44024 13043 3899 6976 396 42261 39674 16452 36282 47763 38483 38779 36383 16442 16145 46331 4805 39450 31192 2987 16343 21418 42561 9697 42729 48429 15348 26227 8995 33481 1510 1588 46505 20105 10627 30415 29741 20077 25523 17357 6034 26535 31457 44491 29155 410 17843 39362 32501 31428 23798 2807 13385 14758 28484 36710 5237 16601 34672 12905 40139 9284 15920 33274 25283 14131 23789 23598 46732 20186 32051 2486 3382 15898 38968 10244 8531 35788 9679 20807 10878 4839 28467 5489 6278 9524 32818 38258 2698 41434 17743 45375 47546 1463 16765 37347 36246 32786 15937 4537 24825 8693 48430 35820 42677 20138 6389 10910 3515 18762 25953 5760 28024 40158 20412 4111 44617 12662 27719 42067 46479 49650 2294 34328 35115 4321 26833 21365 18735 9044 31923 42208 40867 18669 26037 29517 26564 17508 32420 6774 49124 1923 4772 9324 6614 45161 31173 18679 29258 47301 31865 32577 13391 18654 9415 10503 21203 19408 19976 11323 27178 33446 5973 29603 22633 9149 23113 15409 31922 12005 24784 11581 16527 38167 30281 30357 22223 3471 8258 18300 19281 17593 45823 32522 48686 32997 36762 14313 31717 45204 27159 5832 25308 46041 28935 25901 21777 31668 30232 13552 35436 19651 22474 19965 9461 32156 25320 2895 8437 4951 38337 7482 42264 29216 19488 39026 17895 48682 11626 18774 44058 41069 49608 10785 47401 3371 26158 7474 32906 5639 22523 31157 23730 24348 22175 19223 13406 22923 27955 25874 2778 27580 27190 38295 33116 45117 6276 30039 41915 38391 16895 2316 27211 38379 37871 31295 40369 43250 17853 39034 29426 27072 19040 20470 1308 22 34592 8698 4562 20363 46722 4394 15307 17193 14047 45831 34727 46515 21885 40335 2719 790 21650 40838 1210 10670 34379 9112 36311 39109 4154 42283 29118 7549 45757 1505 47056 3923 15952 27269 35403 20092 31196 39221 31851 19883 15832 46855 34357 12669 43966 17167 2647 28468 14426 31185 29754 19161 10587 40677 33334 7447 39217 37571 43475 45078 8008 48269 38562 3818 2193 23254 30044 26788 4188 39548 45403 20836 19178 41202 49779 25391 5599 42685 5747 5825 12213 6134 31387 21933 34460 24638 34393 40472 6492 42724 32810 19794 48683 6623 13365 34470 5255 44323 13921 45795 4357 39787 24624 12666 7544 30634 7451 44026 7461 40848 8901 28809 11382 38579 33910 4159 7540 38997 12928 31487 4382 12015 15248 10230 10356 23925 14789 33797 46177 30793 21865 28787 24878 18518 24679 27767 33276 31089 23070 14205 20904 32590 11914 10867 10903 46220 12876 18749 36719 28824 4034 24915 45990 36632 48900 25691 35947 35761 2186 19719 21800 3692 9689 27992 11354 17444 45818 42781 33266 18141 17405 46596 47215 37774 7952 43855 42502 18194 607 37421 78 29331 27096 18446 14781 3796 45447 13071 35334 27015 34119 35801 22725 37778 8497 6145 18302 14051 4884 11284 22308 36503 46660 10992 12604 4414 18764 4822 36652 47588 7356 12215 16670 49487 26198 6933 49372 13149 42468 36023 19032 32642 47811 30272 16193 41307 5946 42109 21918 35656 42953 37462 37601 49611 17567 41897 5201 39857 19746 12627 41259 48838 47607 21926 38417 48426 5115 42812 30142 22613 37443 1207 8974 47213 37921 48931 22586 32547 49037 5207 4102 42007 6386 11786 5884 45698 36696 4674 40018 40913 49434 46425 35154 4737 44367 23384 12251 32812 23082 14559 29605 10536 35042 309 31239 34661 27081 27456 40188 32819 40423 6848 10877 8190 42945 45030 4912 42382 24118 18519 38767 46680 3686 4915 9427 39667 7775 14901 16006 37608 5093 3295 42469 29856 32137 44724 23664 31954 21915 46642 7795 555 11204 2302 24371 17031 16414 45407 46964 41003 42643 2222 5907 27362 24503 40635 14681 35546 30277 35623 11012 359 5734 21033 41757 28913 41379 29091 6075 13034 14674 26096 44844 20266 37795 18887 2939 33610 25360 49491 15932 49357 15546 41221 49486 19254 9360 15675 45389 47367 27471 934 2885 18758 29135 44942 46099 29944 48487 9859 40098 16182 32321 27145 33198 9048 415 14165 29600 32331 17496 49095 36474 39181 38384 30568 48820 33763 13849 48116 3838 22802 22897 11435 7658 39927 33906 32310 1191 41021 35297 6755 25777 6212 720 41520 22009 6838 8215 10316 11594 43452 33575 32467 8838 24421 48791 18542 19300 44492 49338 20772 32291 29178 34917 37250 38564 39380 33748 1145 4444 40119 48632 21285 19992 11790 20472 6247 27608 7768 1643 21677 36734 35132 30907 25538 14273 13550 35069 41041 39062 27457 23067 28772 16600 37796 39016 13442 39161 46708 591 44794 1237 1920 16637 22585 41469 46745 10471 22060 25380 37595 41242 37028 19687 13251 28960 45846 44822 25763 36070 30465 46907 45879 43797 44052 9449 11083 17202 27595 22319 37172 18693 47324 45000 28421 41697 22604 8172 28317 32123 12382 39373 34629 36437 32107 28855 24364 7607 31352 47986 44153 33903 10964 38805 10544 20768 48475 36428 34706 24694 38583 36627 15039 27349 1628 40395 30018 3555 18312 26298 34211 37726 24242 39459 7417 21893 21744 45463 37179 45851 20438 44654 23319 11587 24216 4523 6522 23823 44170 42268 42661 27940 6724 45617 39128 12436 4691 41407 33541 13563 33441 25338 20341 12370 31128 29552 44130 21321 31816 43763 18032 9820 47621 21226 42024 46208 8404 8296 19523 40823 33889 15644 39521 4891 14489 26146 35088 47114 2802 21199 12465 25745 27327 31945 15120 19005 29400 46521 19298 34013 18415 8744 271 24926 35991 32296 34953 37137 40885 47025 31133 28181 41787 11264 16989 3847 18901 27320 29232 42764 3702 15535 15336 38685 32102 41401 4892 25139 4476 29634 18114 22951 39776 38326 3310 29900 44545 29773 25395 28331 1768 46994 39801 9224 46963 49266 12474 33022 15199 44748 2646 39838 43 17168 43957 31012 22826 24780 11797 11810 42303 48649 43783 3074 39449 26715 21164 39556 43436 22740 23948 22528 34243 47476 45070 43492 9961 28034 2870 40508 43232 36595 15016 270 42229 10703 25621 37586 8046 30624 18592 28474 7531 2327 43814 45383 7570 33229 10302 27958 34296 369 7047 42734 46297 17096 42744 27317 25046 42083 32424 6998 42181 18118 29893 14631 14308 18256 16750 28389 1150 46206 7496 47422 30724 19854 19105 35620 35502 11728 10880 32236 32751 46703 17068 19994 15359 27052 1516 46064 10344 20673 1626 18997 28341 46477 30593 13314 47950 32462 24815 30506 10235 10575 49387 4307 34210 40144 40829 43263 36039 20029 13696 4585 16039 32817 13710 9017 30897 39737 5314 24841 13114 31900 24271 36756 360 7299 12063 10905 19812 23044 2979 42010 47042 47059 38114 15370 43275 12674 21197 20876 42497 23541 49248 19087 21936 1402 34832 22079 34535 1445 1178 40438 14909 38793 37467 26321 26508 16289 35983 28307 31849 3133 22818 36816 42986 24967 43953 25631 26638 47314 11470 16323 45996 23453 474 37337 32726 7247 48782 14412 29309 33705 41578 18810 2604 35581 43676 14587 28730 836 30505 2270 7874 34515 29128 33875 906 25705 5635 44747 24128 26174 37678 46284 14738 2426 35797 38899 48297 42030 3296 15087 4026 10684 40901 47118 28155 24719 17989 21071 47210 43414 36243 24727 12189 49383 27176 18331 30059 15252 9477 2210 23260 9020 33234 12098 32135 10039 13723 10528 40432 11710 2096 12323 18097 21631 3293 5101 3719 48057 31171 29226 39303 24574 25459 27073 37376 47264 47205 14896 24494 1906 6474 11476 12653 49507 43604 548 48857 3453 32506 15564 23010 37181 49142 13380 47133 47810 43239 3757 45114 13368 31876 7028 1898 32922 46410 21134 37396 20866 38745 37283 38078 25904 544 4196 15324 25746 35032 44959 10226 1382 27418 30487 21871 17010 11662 45392 22186 10848 27676 14728 35429 4810 36433 46776 7249 25641 10042 20871 11142 14873 12500 7594 17326 12807 8685 22863 36636 8981 46210 18781 24511 20860 32540 4497 7188 31952 43125 5977 19551 28352 39252 15128 10218 49041 41645 4152 19038 34732 31478 33107 8043 8477 14507 18709 39735 24034 2158 34323 20688 26355 49405 8075 19197 34150 7724 12896 34713 1364 24994 1179 48588 17880 42410 24735 37002 2071 3184 47236 42473 42093 31037 27775 31770 24057 21119 32609 25537 25150 5655 8646 5980 6169 18551 12113 17338 24284 43900 35378 5242 27640 15637 25277 4230 21705 40274 5598 30334 11465 38935 16696 28591 40204 20881 34445 17097 2497 20200 15360 4613 21348 35799 15297 37307 12840 44592 22593 8417 48788 39021 13123 5219 23245 28063 29680 21306 16448 49043 32765 37120 24974 17270 3214 37919 9243 32740 46772 26554 37098 3710 12242 36410 15064 30231 26605 7445 21952 46900 811 7611 3786 18046 17816 38999 21386 16430 24955 12448 33011 16641 29826 4493 48490 7297 22259 20610 9893 42787 26305 33513 40090 456 15246 25495 29952 33798 16183 30618 8954 2173 45231 15956 12083 2041 20055 472 7552 17159 38171 14498 22662 42698 47067 25399 38143 19202 27085 25593 42796 6366 18539 129 45188 16901 33291 33809 42597 39900 3241 47835 30864 13179 29873 44405 33379 34140 34667 41524 48740 21166 13621 39854 17231 35301 30025 17315 13650 5328 20653 11793 44889 9361 11809 46452 42732 7508 43384 25076 43063 44046 11308 5724 45866 29606 28495 39275 34423 32345 33052 17631 22551 5719 42319 18291 38611 20961 23904 30885 4727 10974 19857 11872 2139 16027 1808 10913 15051 26865 18649 46189 41773 5345 6837 20949 10038 43052 25077 35390 15126 13738 41425 19597 48438 27235 48926 21786 8225 35519 10700 38671 21385 45211 15145 15327 26217 33642 26785 13810 29886 12377 19011 45358 43292 27501 10257 20588 39324 38811 41935 42200 32106 20027 21967 15696 6752 39915 2615 20258 14763 42605 34547 8802 17549 14091 1980 19962 13283 7160 48499 43611 19956 27331 3340 15600 33268 26886 49163 18599 1228 26270 1524 21701 5618 48161 19211 47679 838 34031 25713 21242 29327 17007 10977 44185 36774 39725 40339 16059 14465 47356 10816 42445 551 46715 14301 46094 27304 28977 48049 2040 9886 32384 3534 15240 49914 47415 38815 21342 26101 10464 15929 21338 49442 17890 28636 23084 28984 5087 9448 13024 42266 12661 10714 7659 12418 43817 42683 8153 44288 43053 40801 14442 33509 48166 1260 35160 29301 33099 15808 23100 12811 31790 27255 13079 16525 35764 37527 43316 45629 27298 19671 39848 29276 29204 47155 34427 20826 39763 2927 36682 23091 39754 14582 41790 29533 45854 46841 39416 25974 21409 39707 42435 42151 19251 14141 36011 14269 1199 43859 22797 12044 15690 18390 28686 25449 12639 42710 13919 24575 43150 10828 1464 22542 6486 24613 10408 24895 22320 44556 21722 48999 21122 26246 28164 30178 46818 18523 33429 12975 16315 33238 42762 38447 27773 37353 45279 37804 26597 24178 27082 28169 23514 31045 34824 236 45620 49890 6484 42163 36966 20390 1647 10950 28968 3585 38585 12497 13851 14842 3517 1874 42535 49150 37667 1202 25314 15591 45290 27460 22889 44332 39399 43701 4725 47475 39024 13441 43166 22037 8707 45901 3745 40362 44485 8309 22449 13549 9681 39103 2612 15308 23243 40955 15030 33425 18467 8287 33534 19751 39745 15428 31870 3202 13345 23298 13604 49584 11737 39223 7986 9623 38478 413 22478 31000 40442 4746 26409 30328 31364 5209 16488 12534 23923 42585 15814 46003 6469 27533 4048 10102 20817 8416 32884 10035 5537 49306 42009 42712 27705 13630 33317 3499 17092 29481 44021 5669 13656 18197 29651 13346 21684 8203 21405 23425 22057 23371 9143 8037 5707 8572 14953 33857 42172 14753 32940 3199 46853 2174 12182 7976 39451 37858 19742 42623 40943 3080 24410 47757 5906 12008 46299 27440 47357 29518 36796 41618 17130 4301 5071 29709 6637 10122 49223 38004 4663 31545 23377 22021 20045 26882 12118 10060 12204 27627 37173 43416 12956 13969 12663 38944 25207 47313 23708 31547 35793 9336 28976 3318 45012 13035 15355 12540 22290 18182 27468 5881 646 2810 13542 43412 10231 30674 46267 13301 25478 33338 7066 11836 45175 42818 21733 19958 38915 36514 33630 32178 5458 24981 20302 24769 48219 34110 26440 39942 28058 15819 11448 24571 37232 3222 12963 22266 11025 34364 6597 5549 15203 31600 13819 25888 2078 17882 41455 42810 37456 16073 9226 39992 958 21659 19030 31180 47559 48725 14555 20402 37570 46678 36994 3649 19424 49536 43740 47083 48324 48719 34142 7396 14084 38732 10516 14169 8248 23188 543 44203 32477 42107 48936 5013 38536 36012 37502 11583 29669 15175 6118 23610 18346 11233 8321 37841 5455 37723 16105 11146 4091 48882 16883 31033 22884 41755 28210 17865 32803 1831 7608 227 35111 21126 26168 18131 9542 4977 3357 479 43325 15188 1022 44650 40482 37074 21807 17392 18935 642 36261 36881 23035 36971 25371 6071 25494 6052 38179 33389 11325 16158 27283 14157 49612 47563 3935 26275 7640 24231 26069 15744 17562 48277 36677 675 26036 38325 16038 19573 23956 49230 25334 22101 40299 34334 32896 49079 32407 33938 48742 8696 34339 29315 11005 28949 41098 45890 38710 6725 12029 48792 35614 49482 26585 5780 14663 11480 16166 38224 36104 34391 20279 37658 1878 39758 564 22205 49242 10205 47952 33603 25174 19548 21617 30285 21444 40481 35874 10736 45214 12945 6206 6739 7081 34879 10659 17472 2973 31941 47783 24641 9076 27954 21297 5914 38219 15811 2375 46587 15177 45742 2109 44936 17959 32266 40587 35866 45494 535 18531 40566 21834 37463 5413 47085 22976 37311 34225 46078 2648 41027 23295 4736 37984 21749 16588 1058 14417 17523 28057 26889 41101 37574 17220 49016 9472 21736 31583 14375 14396 11876 20547 28807 35447 42072 8582 10580 17626 16538 4267 36071 2845 42359 43762 40050 33278 39905 23209 15168 3862 2084 15358 30129 32671 15458 23153 13379 41884 39036 22506 6983 18636 45127 43984 29522 21343 21522 39750 47951 2262 38264 13943 39456 29356 20008 3662 36479 44494 18732 37855 27458 42735 47198 14328 21259 23156 32595 17283 49927 35791 42049 41230 44939 17398 36180 47913 148 38958 14501 33442 35633 28175 4634 11621 39937 8445 44257 3605 30458 37346 20074 28999 9430 21323 47750 20184 82 19034 40388 3051 7037 11851 44731 45532 6454 20528 24771 1511 33374 11961 633 46301 37080 2838 38341 33695 4251 4017 3973 12483 15075 10227 39965 19853 14905 38596 38423 36092 27170 15620 723 42491 4572 38866 17460 19702 26721 11055 20641 35482 4992 30226 49569 13818 3962 24026 49178 3463 21025 31871 6405 28892 21927 14287 1481 13330 3842 37587 48515 20484 34769 41224 31986 18110 3945 40777 892 23099 35515 9677 9545 21747 10930 34929 26334 40029 26388 42449 5406 24303 3212 7917 41696 20404 27924 32636 23057 8863 23349 16036 27264 10242 1855 8070 5253 36075 10162 15108 17340 42183 11655 23312 7337 47216 33920 3863 32619 43519 18196 24463 14062 39048 40231 8839 19106 30094 17257 41589 36155 36259 14033 12555 45066 30291 45288 14186 8929 37162 25883 11966 2760 5778 14667 27245 42455 38512 23512 24759 42651 28497 27956 2219 21570 44180 26618 48866 44048 6054 22396 2619 35552 49107 42276 44151 49451 2933 12730 27920 23544 31937 40963 12577 23002 115 12344 24777 49516 4667 18352 2627 28280 43285 35699 26884 41263 21191 23030 16489 49377 4336 18468 29667 25483 36189 979 14256 49116 44232 5935 8961 39804 163 35485 10800 49010 29955 42290 22375 2548 9079 23957 39339 49748 6264 5261 8340 10183 23392 45338 23909 38680 42192 48342 15298 46286 29242 1966 24346 16607 42551 48605 17457 45284 31445 39834 28521 43261 49788 42142 46503 1696 36493 15422 11948 18061 43598 39936 33206 7559 49168 46525 37370 25215 3561 1870 25857 4618 16494 8044 39958 39444 25450 16599 37063 25210 22823 30244 30473 33626 20121 33366 38887 35909 30719 11422 2489 42440 13438 15379 47464 31732 21128 12018 25451 27544 21372 15185 11802 48202 47143 26410 35288 18305 16898 12033 46055 35563 45723 21900 11727 8568 41825 7014 18377 28552 28501 38196 6722 48198 38960 28808 32306 46817 36109 749 15537 28272 20670 33117 36093 24472 16394 23212 14858 27369 46607 10730 13339 1399 36718 36790 49172 16236 18773 31081 32625 10338 47611 19789 5548 44562 3597 1302 24150 3155 19856 6001 16290 14179 26237 40982 5315 17716 34572 22392 48965 7841 8192 20525 26166 37918 35357 6172 43816 1573 3558 7484 38892 9191 23580 9532 15584 9813 10419 16397 26024 44615 11238 40214 41689 10777 8829 36575 23202 16254 30158 45885 28075 33300 15006 6957 45369 7405 12090 25955 16839 14747 48113 18839 30480 361 4290 26430 11429 18667 7334 6063 33210 36142 28919 18826 36555 18379 1849 11400 6994 30557 16789 11410 42626 14369 42379 10430 33922 11511 15709 43287 37104 2637 23354 32187 9626 18623 20198 37453 12006 29980 35268 40323 43171 28035 31970 47364 44372 25886 19893 34549 7002 48589 27861 44298 39840 125 1681 2390 7842 20329 43402 46517 14745 3446 31516 22282 9188 30764 21859 33439 29457 2277 26999 33704 6538 16639 13039 32832 40469 32537 13272 43996 19950 42711 39995 29449 33586 19561 27335 2506 36533 1918 15827 47028 32270 10745 41257 41752 26021 30139 8725 15140 3225 27445 13594 18697 45683 8249 27225 27439 40225 12335 28509 32045 41666 28519 45242 3904 39218 4295 23704 24525 41597 25891 2616 15563 40457 36817 31864 22789 33139 25031 9762 22918 36299 37140 39448 13235 578 18139 14919 16846 37252 36089 40746 46508 11503 47332 26983 15624 47022 3152 18993 14232 47992 33129 12651 38875 6689 33464 22409 4812 462 7929 3036 46221 18351 14432 33031 14021 31224 6397 49336 31109 44150 40651 40486 48942 34304 16545 21637 37033 14103 15586 5994 29841 24210 1284 26049 38995 36183 35073 11714 12959 26540 33921 19568 37937 34977 14416 13796 38074 5808 2171 30098 13965 14670 33584 49311 48904 18919 15701 31648 29780 10253 15892 9987 11532 4716 12575 16096 33881 49882 26623 30883 33436 39964 47272 18489 16209 42895 3908 15558 9815 21955 15759 43861 33125 6224 36723 40821 32581 30715 39039 7088 11563 26745 25543 10496 30295 12250 40531 46829 47842 30614 34476 39484 4455 19380 42128 31508 1435 37429 28037 21192 19391 3261 12091 31955 41603 9087 16377 3281 19029 30260 27142 14153 16984 41443 35298 29912 7316 42069 35952 22906 31140 26943 36232 40276 34443 34441 33651 4512 3631 23348 11930 7837 25242 39354 22012 29375 26927 8533 34314 22094 47665 27251 37099 36824 7320 15254 33952 40810 15506 7184 20156 14788 29460 9723 42800 17354 32276 29089 9730 8110 28158 46866 23947 8148 41063 36843 14307 6520 22225 10065 5694 49891 4075 29963 14049 155 39300 14882 15823 29045 15093 33200 20511 43544 29369 37176 35468 32193 46857 26857 9023 46954 41660 23335 29831 43595 27935 38833 46637 21434 20423 16633 47868 8324 47850 4606 33652 8748 759 46203 31311 15860 23144 5604 21187 47116 22258 19003 19492 44309 32348 14636 34811 23695 15268 16439 46333 16945 14881 46789 20060 2693 12989 8642 13020 32093 4936 30258 34758 7369 6720 34635 31459 34356 9544 35361 49219 48227 44514 44965 34075 9856 33883 40167 45555 48635 12312 6100 27319 20699 4645 9576 34240 19517 22872 41340 13942 27812 2383 19723 19717 7481 23294 42314 36625 36683 39740 11319 22134 31993 19149 41095 2278 37716 47425 19862 30860 3951 48542 28116 38246 19757 12139 37679 2253 30646 13110 21895 28400 41657 39999 20748 41216 47924 25026 38275 13132 28165 16241 21760 38946 25327 4829 24137 2834 26407 4883 9215 24046 20007 25428 17151 14133 839 5052 3753 16486 13852 2963 30761 7181 29292 40350 1610 38657 171 26460 27536 29012 11909 2709 32098 24623 8724 36402 35008 29564 26455 42730 24550 7293 3508 21498 26094 17997 22928 16202 18373 2547 14359 4370 45580 9501 31915 16695 19575 47814 36892 2328 40094 17938 35152 22538 12815 27266 865 2447 28383 38529 44078 39172 1717 38626 49670 16244 8013 14827 32134 42028 23652 11726 15097 9851 23651 22475 12624 28833 20644 15939 24218 15328 19630 25252 18857 16512 31326 23359 25485 18594 41973 24639 38921 43370 7761 2936 43963 36639 6582 43382 30802 30713 14314 49601 6578 33243 45276 11010 13706 20247 8323 9257 30004 31653 18445 22599 41051 3760 6988 16992 19716 21065 32557 1181 18208 14192 29746 16009 40571 25892 33083 22855 35166 39981 35815 31391 49666 23011 44977 15542 44682 17011 22697 37756 19475 11244 27850 16953 33253 1667 6995 25192 32654 31573 2043 2518 49549 9929 34839 38406 18663 41554 20318 15098 1335 18021 2190 10529 48083 16326 16033 13476 14123 47135 18164 44537 36524 33570 912 25634 22878 858 21827 34022 30942 19310 17427 34308 46631 7326 3837 44547 19665 12427 47115 19733 46074 26973 20473 24458 699 21826 3612 27913 16648 432 11149 47296 30253 2488 196 18185 45753 43035 49742 44357 17652 30827 44160 34034 44511 30304 10809 33783 39916 19828 6150 21712 17599 47574 2249 35545 29131 26733 44628 16245 46010 15086 24308 

Componente 2 (tamanho: 12500)
Vertices: 2 48041 45579 15528 30500 4546 21341 1665 49039 42223 19895 47391 16688 8910 39004 23461 46402 32536 44970 41463 6758 10783 18712 822 20726 31410 9934 1635 14805 12613 23812 44307 33933 4171 34 15452 8937 15457 31964 19750 26701 35961 45626 38467 49280 45031 22136 24396 49700 31454 28806 25730 4074 7295 23779 22721 26105 11700 37129 11357 15091 27976 28805 19592 23846 40877 30659 14181 41703 32228 39421 11311 21689 31366 11218 29916 42133 13479 13139 24753 15607 34459 47701 25141 37860 29882 26001 1987 26513 5571 29737 40187 24207 4009 26744 13528 25468 49157 22184 28557 35264 14774 5194 26861 43457 21233 9519 28700 2431 36877 35922 27472 40581 446 2441 28080 12299 10622 18717 18889 43948 40985 10343 20441 14310 42094 11434 42260 11144 46628 1439 38652 37255 28684 17468 30581 26378 36416 40682 30123 43155 3404 47542 13606 12420 14467 35251 25113 46655 4043 38301 4871 23752 8699 7859 39892 7318 3660 34351 27371 10769 48494 886 29777 41963 31114 48706 26817 6703 15815 41940 9382 33669 39886 23089 142 9731 47128 15618 14206 17507 42824 15831 12223 26851 2468 10234 24828 20754 26496 25337 41312 3476 34475 48249 17108 1267 37436 48017 27797 20922 30699 25816 26201 38195 38244 3800 9634 18031 6839 49162 24038 39932 46161 42742 9441 918 47058 1242 13077 22992 44781 35663 36857 22887 32888 20898 32531 29211 17778 39087 32878 15967 12969 17827 8395 11250 10397 34410 40162 45150 47853 26562 45341 7934 22004 10414 29626 38648 25636 13109 16401 17020 42482 47092 17498 9171 2512 7799 19721 2515 33447 3912 17697 23085 31675 40315 18888 29127 22263 15396 47890 7925 47959 30998 13530 19973 11241 25350 45268 44504 41677 23864 18618 18808 20448 38674 272 39194 4711 23419 17105 8304 9409 32963 20087 25830 1890 15844 21466 39601 41998 47823 31233 21937 62 37952 48106 25492 2590 4819 17177 18955 28665 39876 2887 13801 31100 23273 28264 33313 42688 35237 27834 8857 32580 1189 48896 49154 22601 22580 5731 273 22065 30376 45707 49158 3852 48865 20896 49946 9837 15187 3345 9328 18595 32943 44709 12384 34851 30028 28943 39476 23603 10718 9182 36153 29275 46709 6065 22966 2296 23520 41581 33393 13055 19103 49441 44162 41563 47474 27652 4757 5678 13770 25323 18961 31832 149 30459 1788 38414 16314 5287 43137 35071 30433 7154 33538 27878 16603 39253 31705 39973 28433 39565 14931 34468 37403 12846 31874 39402 883 43498 43805 9317 5266 32808 4922 36862 40704 3464 41366 17888 41217 48901 27950 27589 6504 9984 7121 47543 30989 11519 1205 15304 26764 16135 27798 15636 38615 37084 22759 45804 46460 39336 4551 33746 41553 8640 22718 35484 46430 9895 32978 23714 3532 7284 45484 25290 11281 28748 13825 29176 20928 32709 41140 39504 15968 7472 27409 29521 4749 27344 42994 21907 27252 427 26933 38981 48381 12297 35752 765 49827 1110 48643 39248 8354 21568 18245 9521 39472 43975 14096 18686 2458 17859 19131 38563 43040 49884 9406 49648 3524 40534 321 3407 7730 34138 17006 20858 5871 5135 22596 34683 11845 20625 6056 47755 34583 31115 13944 21193 7312 16163 48786 86 44294 13934 48863 25318 34134 39950 2203 30575 23674 4510 10840 8080 28938 36047 30933 44930 38864 32151 25344 30588 22371 3717 32447 26208 28098 21740 33614 36187 36366 22274 2943 38526 41623 23326 27334 39291 22174 5982 37513 23483 12672 45089 34385 28904 10411 4278 38945 15335 18295 20228 7657 8030 43854 41165 29386 22054 40752 35195 3447 22154 26343 28719 30932 47390 10459 45722 10396 5931 480 21651 49841 11653 23825 5024 10159 10217 17408 2660 10651 5396 27845 45399 24833 18831 27729 31582 49190 36206 34680 18896 45035 909 36419 301 4331 7714 1193 17280 41048 17272 44056 42207 11037 33703 21550 6430 13864 37087 46274 28101 15729 19851 34550 29428 42904 12966 12566 357 31492 41811 28816 20109 41774 25848 16558 34712 46762 23916 26379 48835 28008 38967 5435 7478 7753 49828 22425 27224 19657 1397 23417 13474 40343 33893 44868 43994 38187 2218 1913 36369 8842 28083 3656 13805 46277 14304 43626 8616 19626 42237 26349 36182 41132 23932 31502 10586 31512 23658 26077 22502 30145 2967 14682 37680 31598 35570 890 49760 14826 26931 48663 36545 40744 23203 41565 25644 45269 8667 37321 40729 6949 411 9758 49082 45935 4655 27721 13572 34913 28340 10045 4228 7250 43002 34032 40726 26854 19855 31152 45983 4766 41270 33381 8345 4328 25177 22122 47824 47147 6187 45351 2731 34762 18557 37212 13092 44327 42540 22595 41019 28823 1415 25488 43718 35108 21668 16030 2917 37647 42495 35455 5642 48073 17484 44676 37279 42910 10353 12439 26567 21772 3781 1385 2112 49126 34121 48583 25024 47190 32612 47616 29615 8847 5473 10874 27112 10349 12234 46266 21672 7779 3275 37082 30863 13087 46310 31786 12231 14641 13238 11900 11624 32486 47619 39107 29549 39955 12670 22034 572 36688 10661 7896 18369 31426 2975 25040 28564 16011 39795 22811 4694 15825 1792 32871 11195 914 12798 29743 753 4407 21186 39914 43078 26720 16052 37546 14531 20937 18872 48779 49032 17781 7287 41561 16952 39933 48195 20615 1163 38474 21228 40317 32640 1724 1137 42803 17840 11678 39025 54 18914 6197 45604 15496 37566 29056 2333 11029 29421 8069 12207 15306 4990 3817 6973 48613 34988 25934 25885 28835 18485 30993 31288 32744 18213 18672 160 37379 28685 1036 14007 19275 48409 11811 18051 7744 21698 34726 27984 49688 42696 17070 43425 44353 8196 19930 17192 25897 44205 38961 26743 7040 45037 36685 18138 4721 21763 38691 33831 16322 34492 30275 23106 16590 16836 5704 48748 37577 45529 39877 36411 11124 20722 2227 20283 4052 46313 18322 3016 30727 9097 29896 37085 4748 42741 31926 3894 24073 10369 35207 12544 20290 15552 17684 46058 18210 37797 29601 48601 1314 47502 39337 10508 2911 42837 11606 33026 29683 24356 32509 29875 43395 25616 1525 6670 2225 31220 11796 5162 34374 19957 4786 15704 884 1113 7406 31047 8599 8442 39664 40120 18632 21669 14437 6211 19127 428 34797 31765 40609 20380 11203 43357 3777 21986 13408 19701 8388 25100 16565 14410 2686 36795 17736 46135 18893 22578 6434 31840 6819 48276 38232 9059 46050 9887 31064 3654 16800 48111 11906 44518 19200 36457 26107 35740 27793 30488 21351 27857 3875 25466 45785 27537 190 13155 29419 37482 32085 854 42851 27282 3928 49392 7041 35257 27541 48894 48204 17022 22099 46665 536 487 6502 37523 14255 31744 29835 46497 45450 2299 25591 26365 21551 42637 33527 1578 16998 6853 10847 35498 4701 44784 16252 16892 25806 27233 6734 30965 5580 24523 38589 44858 47129 2789 42899 29332 35155 4873 30775 46129 13513 31161 1671 2100 43696 8925 12924 2539 25924 38998 41398 41180 11630 25472 39288 22793 6554 34488 10157 30467 37107 16822 12874 489 7707 15202 5845 37030 49347 25764 9649 22575 33563 14352 1011 20031 12467 5927 11198 45111 18646 6108 29690 10434 39317 15766 43651 1078 28909 45335 31277 43717 9970 26051 25562 42527 38948 43237 37835 17465 23718 10132 17110 6611 41150 13843 49129 33998 27442 19859 6634 10924 37020 40816 35163 43770 25814 4119 26462 42903 26114 36494 5246 8231 35365 24935 7894 24465 39726 24151 27492 22328 6784 33993 31193 17216 21962 41531 25865 10029 42806 26704 32170 45092 27447 9403 49445 41698 24510 17528 21993 44656 9825 4739 4554 29000 14633 43569 12953 19769 36009 669 8406 24889 47902 28298 45132 33249 1924 33064 1988 11832 9310 7057 18868 9031 14849 1500 16482 23317 49533 10483 28023 47916 46883 15401 8470 21181 20422 29925 6800 29598 18450 3405 2806 11748 43114 23309 31424 28687 36807 18251 39982 35647 7844 47622 24499 6119 2801 36150 13484 10118 34559 2165 24154 21963 11539 8138 16498 46053 45099 20217 31894 44900 3004 15031 32103 3877 36531 2542 6 22374 3351 36066 14770 33057 6259 2217 47231 5047 28790 38714 40737 26314 42311 19637 19157 22799 15869 17902 31917 38110 13162 38783 44612 11713 29398 30969 32283 25487 48668 7476 33579 38872 15374 1762 34257 18979 41972 12580 38759 45951 25708 60 3669 44144 37385 30370 48930 768 32915 12804 47975 1502 11755 36883 8023 5257 16046 4432 21167 5267 3461 166 25151 6096 17659 6530 26196 20847 33405 8866 6506 12191 40199 4097 37653 27270 33367 32663 5856 7760 19511 2780 28863 28512 36097 43657 4041 11493 19954 4147 345 32859 15813 46729 34598 32816 28924 19910 43622 33999 35302 18805 29310 21897 48434 18726 30279 43068 7302 41592 40240 14655 32031 7620 36549 25648 904 13842 31356 40377 9750 13521 2664 11294 35343 6510 27483 16019 27291 44412 1897 21797 32743 31470 11696 44973 3468 1941 37280 15361 39155 32632 47943 30045 26490 28666 17903 18049 43432 4849 45954 2237 2747 11911 842 38104 24069 30085 21585 12589 31178 18395 12226 45895 22161 26719 45059 42308 43243 43564 41876 14519 32404 8879 3107 4760 21565 41198 31215 28295 48071 961 39349 46717 45923 26980 29914 14337 20750 7616 13062 29662 9516 23614 12446 35381 2852 15795 11389 14949 14459 1940 3138 8465 6236 9115 32514 39765 17266 40034 6915 44479 12004 7633 7875 33293 25670 24200 15761 10578 44075 44771 15963 21864 11169 29860 1986 6531 19122 3681 32182 38381 43934 11017 34526 30412 37531 9560 43303 40679 49902 8127 45794 19914 21944 23619 2204 38824 4374 31163 43476 3528 49530 29333 30850 49606 14834 22693 34575 21022 36823 19215 22881 34604 15837 25748 15186 46059 11289 30518 32814 44475 25134 40125 18811 45115 19057 1976 44102 46065 31489 14593 49863 33089 32572 23796 1703 37978 11330 29343 43918 6393 43051 6012 42483 39207 7663 13607 21339 4496 38756 226 40487 18024 41874 42595 29806 20325 5531 33339 32087 26288 99 37770 39005 32775 5504 32883 7591 29649 42766 34658 26873 28735 8813 31106 30172 36196 49772 11050 307 32169 45661 5634 4470 34717 34216 26592 5770 30052 16589 12935 33871 37038 10607 14142 34708 23278 40134 44035 49789 17019 34408 9319 15919 26247 27094 31559 22600 35879 44331 36585 36788 45287 4392 28551 1146 33647 23865 17745 32445 2525 20255 20023 20906 5695 11656 42780 39372 10175 17341 46510 42644 36804 42768 30137 34622 31532 16447 8843 40113 29628 11522 16677 37634 24977 2922 15592 27406 1289 11945 22508 5847 10432 43439 11523 3878 10673 14370 48789 26843 42349 4405 21591 38457 4495 31346 42158 15333 5597 15678 35458 23438 41391 13142 5001 4250 45 39386 39391 34139 23266 4303 46472 33566 16555 21567 33191 18226 28998 13673 24203 35586 23660 43734 41265 32491 17591 6450 31007 19272 9536 2907 41097 33836 35192 30708 45666 10819 36571 21221 4085 17002 24748 26232 30034 14540 2537 17051 46814 13458 20139 43744 29869 9807 46774 15178 10856 20432 40413 34295 37219 6785 9896 490 7953 15910 42982 38116 45210 33559 339 35977 35523 37920 6698 3392 14203 41028 22397 17236 10751 27568 4471 27521 34859 14483 12899 27963 6553 19302 3303 43339 22603 22485 31418 25263 14721 20151 12485 37894 42691 24508 27747 14979 32394 41637 32317 43003 4485 12289 13340 22311 7362 10385 13134 49179 8681 24032 23550 36991 48502 797 28957 21156 4289 36272 11751 2611 23731 23045 46654 3957 48591 11088 37926 26595 38080 27289 4306 43352 37243 7634 33205 19784 27594 48915 18127 8966 34203 3550 18102 35075 9377 38763 24445 5422 39326 27590 43903 10262 46639 30673 34498 32756 16747 19824 47764 14688 33732 12584 38455 30011 12167 40582 4511 13023 27118 45314 21399 6304 4218 48102 10276 31498 14533 19041 1807 35358 28143 18880 46624 5248 41008 13925 31878 33762 17641 17509 34896 44687 11778 44289 37953 16915 23895 18885 18030 43999 30548 18236 42485 12829 11443 12398 7902 16764 12271 44373 39939 11635 10160 18203 39081 22857 48247 30392 23542 26121 14778 41620 13136 3959 7671 12392 48744 22625 19889 45809 45230 36028 23282 47675 47717 13661 35091 2858 49411 17073 1052 11428 42528 10996 13129 18170 31264 898 42615 42351 35628 3600 27902 14196 47820 9345 7785 29576 4593 2688 38073 32013 29203 39056 11763 26996 45593 18393 26665 40109 45812 2545 4899 17435 17863 992 39871 10290 40627 20995 38328 46730 48997 23516 38456 44632 46300 39262 42594 40602 8326 39880 13568 31455 3002 21150 49408 26601 1687 49802 29906 15949 26369 39462 6420 4507 33319 24082 29003 26862 17146 26664 37612 17744 15681 18702 7736 45457 15723 19740 44215 4454 45103 41152 20113 18627 28933 25769 42384 17360 9628 7172 48288 12283 47258 33533 11676 28310 26214 23979 33829 3856 6638 48460 32638 45769 14035 335 6283 4740 17877 37560 49517 12690 16366 38330 35636 2837 36912 43032 33726 25939 22817 29595 2934 7891 43754 27693 23732 3218 28844 7927 8014 23679 33915 38016 47511 20843 21808 23381 21037 5436 13578 39856 5414 37144 18098 1559 3999 19565 16301 41580 27126 43048 48935 11115 35528 29 25696 45336 10480 44600 19710 46212 30753 47525 12279 41542 10680 47794 21083 16487 49327 27114 43941 13212 18614 34217 41588 34041 25116 33987 7079 20157 7243 29097 40260 2557 49780 48058 2081 8959 44446 35800 7741 34621 43680 36201 18770 30089 39849 14771 28415 48138 8286 14775 2239 14477 34249 39015 35054 19247 35404 10293 392 47485 16259 22728 30489 10486 30743 3989 47352 43880 39811 16287 6044 7800 32200 24615 44142 10591 19113 14687 22814 20305 2311 49255 49734 20205 14003 40676 32378 3632 31918 9755 1652 27593 48428 6667 1131 7169 25728 29820 2872 40072 16956 38578 32645 8472 45349 23545 36978 41341 40542 27586 22283 721 2663 30325 47087 9105 24460 6885 47119 29281 12792 7454 40378 9186 9312 41924 17750 24875 20317 48032 4408 20794 37009 1216 37190 44077 35976 30927 4288 36908 19221 34986 19052 23323 43666 34530 33251 14516 6009 49573 22550 38091 5443 2284 35591 17295 36658 13908 1666 44337 26402 16802 29145 1912 30869 46763 32050 8795 44163 8103 24143 45093 43396 26328 45616 14651 40004 7071 21971 15389 312 45569 32585 43380 21035 16995 7548 36487 39309 681 43465 47275 11231 796 3918 10061 31931 47513 4024 8318 35009 46403 32488 26235 48053 4784 42750 29563 27655 7393 36842 30086 16591 7372 26656 1575 49490 47971 1450 28815 30112 30205 29197 32844 9787 28353 35004 5865 31831 26986 25071 36391 9880 23653 40331 45941 35504 49770 23806 21905 4174 41436 24871 36275 41023 8446 23880 47722 13414 8054 49137 39516 2414 9740 44471 22025 45260 6642 20980 3576 5623 9103 34529 1185 17258 19688 44206 31695 48749 23920 10207 25549 27358 34297 25689 43132 5518 27218 39656 28226 47068 30349 49861 22822 9047 5244 36313 41264 11988 27825 27345 41272 14511 36143 47507 40045 18327 26451 11040 4533 17952 11566 10584 31181 17191 27540 38565 11401 33495 47956 18540 17617 11229 47957 29462 49717 43755 46126 10690 46254 37761 23087 2224 38028 33160 47063 30580 49594 21088 38067 26952 37792 619 23333 38591 34925 23662 3784 29679 37108 33272 7220 22273 40309 1839 35967 23677 19846 9559 29228 36748 3040 134 34740 34300 36083 49511 13958 40834 39069 6055 47978 39630 1537 45427 37473 44536 35731 34756 43340 37553 351 44164 6550 4226 37457 14476 28230 8315 45144 6796 47647 1352 14333 29929 47515 15461 10161 34464 15021 28895 4914 44081 48759 47912 34532 8238 48170 21965 20260 28017 2101 39270 4857 21057 49161 9902 28978 15033 12609 47014 48010 33451 36794 4375 23593 27634 26152 8553 37345 45974 42136 45547 5036 42835 7988 12225 3807 16160 34581 22135 49193 17891 36532 39478 24995 7035 42396 516 4330 15943 2140 13798 15751 32703 35128 31083 42015 44769 28417 34486 17943 5234 47649 40446 5691 48449 43134 24477 15201 27703 47688 17166 49928 31636 27372 49877 34180 9852 42132 34784 18701 9665 41039 46905 23216 17106 21294 41235 45855 7563 10062 29093 4081 4870 22385 14358 25491 23271 38260 49416 11461 29732 42146 23706 44525 16533 2474 36140 34324 18448 29713 11556 27383 36744 8611 41907 23026 28139 37291 15543 4692 7367 12158 42717 13811 46312 18809 30385 27469 39191 35601 13429 13021 6442 30438 26025 36713 1721 3769 38005 17101 17479 36674 26444 37620 29353 28820 48557 27199 15153 36974 38637 43103 48163 5838 26356 17027 23379 25966 37933 11282 20437 10479 48951 44832 41729 23387 38581 48500 33959 44920 27991 4082 44394 36418 14732 16964 31395 48495 47699 16032 7506 32670 45534 32090 30970 38740 5419 44727 25681 10519 33777 2898 17963 36345 37342 38504 19022 26218 33973 14907 16374 41999 27029 48504 8411 45641 13788 22549 43518 16701 27422 6121 8270 167 40314 1371 11896 45596 44567 7 2130 38018 34003 13971 45248 9094 4339 41653 1279 31667 42633 39168 39332 32928 31753 6589 45192 31817 22980 19521 11189 37628 9028 49842 48292 33036 30625 48868 19180 30243 46972 47334 15767 25243 34455 45256 9385 46634 45552 47225 9722 13016 48823 46419 38814 23433 30005 14326 25859 38340 21961 25340 3044 37191 28596 32160 16136 34952 46225 40630 34556 47098 12443 43368 34584 22865 41684 16894 27512 44855 13725 17291 48945 41793 37611 45467 35842 2862 11975 15288 22339 19513 17904 40845 19518 24766 33119 16684 27300 30980 25015 32 48564 29558 31249 30273 39651 22663 1311 33790 23645 10814 7107 34215 48052 1444 31769 24326 26139 17098 15184 30738 30790 20177 21821 24789 36918 18982 37365 28651 21888 36617 32431 18269 21069 35090 25184 36352 24701 29720 2957 39052 45479 19714 1006 2985 15055 12496 44341 38011 34783 34454 3327 15234 3387 8000 20803 29218 34702 41009 49685 41478 21916 35362 8613 21174 44023 1262 41993 34591 28937 42267 26495 14845 14011 6935 40755 49755 28804 15868 26339 31158 40283 10721 20584 40563 17629 41075 20218 35055 12724 363 16440 22514 23261 31932 4 4565 23226 42547 5310 13616 37024 38471 15605 33861 603 38983 7674 10873 16042 38689 23639 19628 24192 32919 33943 42954 35096 43865 38218 8830 22782 16189 13116 36996 40556 34736 580 39545 26967 36439 26963 12714 42985 42789 4987 46320 3315 49104 42259 12512 1247 6674 24017 27908 37945 31304 31067 26521 24462 5198 15594 42337 35126 7209 2304 26670 25322 45875 34895 18704 1891 41447 34820 20479 22767 5670 33226 39917 17635 27274 16185 35774 4687 11408 31639 28537 3023 47433 8858 775 23228 49258 20195 40678 21953 19964 19220 10822 9749 7947 42573 18801 33370 7764 45377 3889 2072 46668 21048 33493 46249 10241 40779 11390 12161 21787 8636 6989 14621 9275 21868 2398 26531 8647 17706 4734 5963 21010 3936 18974 22956 21778 2001 33696 4234 24714 17359 23007 18241 32620 37946 31385 13112 44383 46724 15569 15052 44123 7254 37561 924 6475 19474 48486 15472 2608 28253 14590 12298 41466 23611 32806 45390 1394 45636 15445 12607 24232 36708 8493 49916 6773 10909 13571 13867 9756 33794 44166 24406 8010 39346 19980 7961 14433 16260 26143 23583 18909 40447 23655 25530 23108 7648 32689 16068 36840 21202 35717 45764 14148 30746 36889 28837 18012 33591 25786 35739 32589 31504 594 26643 25062 33701 24496 16653 35826 16214 3697 15768 43970 44250 25002 35551 8761 30369 45194 45792 2771 9083 20609 14086 29717 14729 29636 34822 27871 18591 14159 20856 4697 816 12217 2966 13826 16679 13777 26228 10323 43504 42514 39084 10394 37165 13874 12303 12556 12175 13165 36165 45191 49246 875 37207 26778 9006 25990 16441 18358 34768 35227 1899 49078 18670 29913 31191 3744 6503 21512 29152 5949 23396 34415 41625 26188 37917 3226 8141 46298 36906 28270 35494 32731 13231 11977 43832 4499 21553 40300 33033 9678 12105 8719 32047 946 27302 43343 44838 40160 48360 25677 25775 18850 7170 18082 29415 41762 40496 30343 12564 40244 30398 41860 48333 39924 46504 47917 30683 10666 16792 32371 30590 40822 27502 25427 9012 14436 20284 5309 10131 35875 9392 20413 24160 39430 37043 19564 3970 7435 6184 45920 17348 36049 28120 15060 2076 9474 23680 21018 44522 46412 25119 30859 32496 28952 17976 8915 19514 40459 44173 3544 26481 25932 40960 44030 3243 37382 36164 11026 27293 20897 15459 37940 34002 10364 16788 30378 38817 31394 29587 33708 18690 34214 46191 22608 3683 12347 11967 1212 43241 42848 3691 8671 43362 46109 12985 26344 16787 34382 16451 46319 15242 35816 48860 38158 8808 20746 2147 33753 37048 38937 36727 7215 8540 3385 35923 3106 22111 9985 20626 46252 5133 34982 25619 41965 14782 24930 46347 26791 1731 25081 42443 8237 11265 39592 21220 22279 14776 12532 957 23383 35344 24449 42607 32651 40515 43674 8721 5186 4832 20227 2594 17064 956 15440 34958 33909 31404 16302 40714 9473 43527 37019 2791 21227 40465 25927 13370 39114 19395 14343 24476 19172 23616 32910 26384 22828 41411 44839 43610 29018 14456 37657 621 19168 8941 30631 24451 29406 46615 11295 36370 19955 48478 16103 32262 26805 47397 28450 6279 35049 33310 31761 42939 18587 34306 41244 29525 4539 9267 6970 23389 18311 31614 7092 9680 14857 1692 5555 46314 44322 1557 44434 47008 17186 35674 10693 28187 9322 15231 4379 4708 5395 8024 45588 41617 37272 44715 30573 2421 29852 3727 25540 49034 15577 36958 26083 19643 46326 49817 22957 21299 13332 18841 30119 12763 14918 6901 14838 44678 9249 10334 3619 24359 28598 15508 42076 12462 26015 2472 33731 35839 42996 9712 5348 48403 24648 13599 36938 33637 25905 2850 11094 9940 29691 5408 11853 2013 19141 19951 33772 19906 31988 2325 8780 17548 36670 10802 2795 33491 1248 12635 48674 39539 45022 189 33897 45619 25821 28954 41984 35960 18283 30553 39831 26175 29463 28321 23694 6068 34246 18549 21738 33453 6525 36171 32947 20572 13224 42882 19400 1995 31968 19744 17222 16948 4161 44068 43587 16544 24332 1836 17370 16794 21198 21543 1002 44598 46880 24760 18799 36322 25075 24515 43753 39598 5343 14808 19904 10008 38914 23039 23546 22668 28532 9301 19677 47617 45490 41046 44342 19693 4464 28300 83 8108 18212 10667 23466 41354 29041 42606 14042 47217 22521 2373 49932 41559 42040 19268 44534 34872 25064 24294 1563 513 22061 13081 16466 24195 26128 18777 27397 27063 22820 11202 21910 32397 26080 1337 49797 1804 37604 29984 32603 5072 29719 3180 24307 14522 252 47844 3608 7335 1021 7581 33760 38612 15486 11792 9974 879 5810 38610 17937 14884 26243 43965 17448 21123 34654 4378 3290 32565 44110 2231 17033 15530 48910 37749 40723 9599 48248 20385 36715 8662 49328 6947 36754 35542 24238 7130 44011 33399 45643 28703 21479 30031 41840 7543 9567 24528 85 30577 38770 954 37649 9376 9808 48151 34352 17190 40516 28779 29200 8241 48485 27111 25498 16208 16458 17089 48859 26818 1391 33342 42475 43699 32842 45843 4591 35864 4723 37097 41480 49326 10452 20142 39734 42160 35770 13133 33820 10774 47080 26915 7227 7101 33568 10807 18155 40368 39123 44470 29652 19823 20554 34684 32065 7941 7734 14286 38434 13004 44637 35202 22847 20926 20292 9339 5842 39733 40644 40903 41745 1376 41977 17410 12579 939 38432 14923 3057 33554 36034 7628 11743 44396 45836 2855 12400 13877 47871 35323 37507 29774 22842 20828 21104 34452 12889 25949 44951 43510 14588 17678 12378 45152 37296 35459 23885 3396 47315 6217 33743 11604 43919 27075 38045 13617 24558 40665 10883 13937 6424 44575 32428 2494 43244 9506 39767 39101 2214 22069 34841 10893 48367 10708 15722 39929 17572 11085 45040 44674 32405 2310 48448 19244 14454 28652 45283 24725 16212 4526 15958 41236 12848 45340 39117 39037 5622 11994 3664 30197 23000 39245 15099 20297 46404 48745 7075 49269 6547 39292 49062 7475 20236 37152 8605 8257 3634 25911 42864 23867 32626 42021 30266 7668 38964 43298 10064 44860 42670 19020 21384 39883 19864 6488 6902 13147 47899 12735 26962 26472 8663 484 14665 19549 19934 15757 29038 35858 7111 5857 18483 26543 24716 32863 48856 17554 13153 14346 20359 32142 33983 31078 48919 39517 25471 36373 43775 22462 47283 43057 28851 9978 11884 27257 2155 8073 10917 44746 16578 21244 37222 42020 47483 4344 26552 11702 33641 40074 45411 26706 20069 8544 17695 47230 47624 14792 49852 24041 39830 4068 11248 1436 14311 35386 23608 40342 41350 18897 39946 29289 9119 43173 33604 29781 21273 11709 9729 20844 4859 24124 39985 22434 29103 42652 6457 4411 6654 32173 41126 12927 3030 31571 35314 12519 47980 45806 4428 7317 37317 26598 39180 42434 49510 12606 18928 28067 412 33511 40751 5710 8017 24237 5086 40009 9905 29753 450 15661 40896 21116 20094 44679 37664 9885 44949 5960 30778 38676 32174 29271 25219 20425 49376 31278 30368 5159 29317 4012 18094 529 38397 24947 16284 20395 25850 22450 48394 37402 45017 13360 32503 29532 25403 20071 14887 34006 9440 18120 39902 35437 16293 27792 14536 15493 23468 35822 9024 28916 32267 12488 28678 45433 30937 46348 39490 45539 36057 43757 34278 30135 33332 20790 20944 45886 42488 41718 5925 12717 42096 24068 17584 31462 21976 14848 11843 41007 9724 18237 36546 32973 15874 34198 45502 2329 25181 13665 17757 3770 29345 22202 29479 10435 2720 4044 22148 24982 15938 2281 31799 17974 4080 26599 2849 17383 30417 7588 13736 20668 8365 42324 46035 35578 10100 19173 11986 14734 4905 26533 38428 14254 31702 12110 4517 48462 7726 26589 6339 14184 7524 49921 38230 14767 11877 49561 34472 25671 7913 41942 11326 30539 12993 33770 44071 23873 11054 2016 30068 19814 14707 18142 5680 11490 1946 32561 29951 18723 32690 6515 4073 42878 30754 37906 32418 12150 12198 46750 22547 47333 3454 3286 26509 1636 24324 11560 35574 25282 43049 34926 34285 22051 30503 49805 20331 19320 38510 35045 24090 12597 43248 31550 1556 35321 6847 19949 8977 35348 5828 6293 23974 29988 36115 31846 33869 12885 501 37174 990 45664 8374 46371 16884 48275 43557 2107 3272 31027 4563 39731 18019 48990 31758 792 41962 36483 18268 23629 8913 30255 42058 26387 16986 24355 44808 38255 18005 49033 18535 27356 42221 1108 30497 30696 5654 20135 11305 45455 4804 4316 21425 27071 24251 30565 26172 45366 26932 9471 48406 20300 10296 2869 49361 4130 12132 18633 9853 42255 25695 47501 36127 4381 29571 20399 44369 19447 47883 12401 24053 39606 26064 10918 47070 19138 24236 39335 41122 46737 18272 37170 30252 45564 38548 45686 35082 38409 36668 1198 44336 37054 25301 40659 38056 9980 42 6829 14649 5390 35638 43853 47654 31371 45877 11627 19077 37890 27734 42358 25751 22832 3111 7094 31814 34932 34546 13930 2261 5149 30915 12992 30355 21742 39341 10548 39186 33729 3913 39127 39680 47192 9216 1472 42272 44430 43007 21046 18916 47000 34865 14387 8940 36208 21998 46102 22854 23219 30800 35518 27379 26566 22703 40728 38858 12149 4037 28831 12003 735 45368 9916 13980 45964 18315 10963 19933 13349 9548 40815 43773 22239 46017 19296 15407 9726 41053 32009 19089 40520 44115 27403 40236 11342 31039 31004 43081 15596 10451 8927 45008 16849 45762 10005 40754 256 29958 41780 25004 29844 46566 2953 29592 4083 44565 6487 35779 5002 16277 5506 24667 16598 20913 1420 32167 8706 30043 22398 16480 5592 20111 45425 29792 36130 30560 40354 15896 6923 6661 31166 23973 24723 4970 44139 41717 349 39637 1044 31042 22179 22709 10765 8634 2128 49243 46173 38395 13888 42118 41484 16897 37105 17951 973 30771 30612 9086 1955 35583 38642 49257 25182 6596 47387 44766 7394 9845 41388 19875 18407 19618 12641 45004 9213 45049 2192 21506 8210 36378 39283 16456 42051 34675 17794 29053 27535 10512 20436 4257 42176 47885 31634 23844 26602 38646 45253 21319 9910 46150 32748 6855 8167 30728 308 7265 17318 24415 23539 33878 19941 10363 4962 47361 20351 25609 29174 31767 30203 49468 2187 28758 2759 21795 29516 22327 39948 905 14990 13716 25802 7370 18471 18739 17670 47927 13859 29881 20456 12145 24970 13562 31586 34724 15915 36552 12396 11398 34109 29284 44544 16811 20880 17621 48489 35891 46575 13646 7553 8312 14837 44039 1080 21502 11803 38001 5591 49046 30283 31813 43090 5252 30619 46091 26308 22934 13050 45364 4982 34580 10261 36377 15018 20665 24376 43385 20006 17323 441 35537 19805 26392 21017 33613 11779 35446 28460 19650 21055 7740 35465 23177 12365 45440 28799 44279 7584 40945 48722 40974 12595 20788 15822 16682 23341 6594 13532 27643 29760 8366 19357 26323 42442 33330 2829 41857 23221 33530 47308 20690 11807 27629 26206 17712 24573 6701 20066 46380 15841 24756 23609 46465 26221 7951 9500 7033 19440 6204 32600 44399 4399 43242 33094 14564 29681 39348 6292 49402 8435 27599 1126 39629 20475 33518 36711 726 12318 3779 23688 42569 36492 16620 44159 6728 7582 35548 29624 46738 34233 26118 12280 29207 42277 41199 46117 18858 41583 44801 37751 23186 27267 28277 12775 43202 41210 12360 48624 24649 296 17188 42387 36156 37380 33946 42243 12288 31444 46931 27716 42068 22070 44360 20095 8361 26568 3739 35017 46962 18753 7600 34053 36961 34105 18397 35861 33980 33434 22770 49692 36942 45174 28668 30451 1718 41891 13309 21523 26225 21977 12684 40624 2153 34024 34826 18703 41305 5948 4519 30428 17165 47987 19543 24194 23459 30928 21322 15237 14204 42593 11153 2988 36653 21447 35865 34996 28826 8726 30130 27780 13169 17801 22751 22369 21441 17429 22516 16936 48260 42779 16850 21380 373 14268 34600 27324 47928 44013 6676 48666 43714 27415 47079 26341 45909 26516 32332 25887 4809 10920 7585 20212 37050 45170 37497 21903 43823 31662 40499 26803 45883 3313 24059 29795 32591 34821 24959 7004 1452 43956 7242 49646 11201 40686 21734 1136 34551 28357 643 41049 4988 7645 6928 13128 40940 26680 29143 33643 2871 39305 14361 17628 457 1719 3235 30600 41446 17514 47139 10106 32179 37637 10532 18416 10810 18299 46755 15435 2498 38686 44799 22830 2042 1888 12754 37869 44828 46612 7554 45665 33285 15553 45398 32422 9410 45560 49379 16982 38649 30299 34593 33362 19759 31495 16201 35265 18198 40569 911 17530 18348 22833 37567 16230 5035 45384 17440 44621 39272 35322 7157 6691 42002 30843 23562 39098 550 14071 11762 17062 16485 21497 36626 26926 12599 41357 14124 23023 29614 27969 20233 31661 10417 14611 22517 8218 8250 29762 34627 36968 43860 18746 24055 25515 10857 27497 23515 44488 44313 34687 568 44947 27093 23122 19546 29359 33807 17800 36091 35885 42765 47496 39085 29084 43477 25882 16523 18011 30949 1798 2825 30561 28192 37542 11910 27849 28571 47489 42027 40939 26630 33255 26258 36054 46606 40390 10922 10610 24811 10734 47378 48964 24943 12878 21238 11066 15331 31291 32358 12863 33547 36750 5301 29009 3 43481 3537 45168 12489 9744 6512 24292 39422 15595 20137 38792 41727 30037 44295 8502 39968 15523 27040 17026 9739 20033 32155 42580 35741 2769 1015 15005 24375 47006 11008 16576 20741 23715 41658 24040 13699 41485 16981 3193 33665 41405 28508 39279 4542 43525 25981 25963 43675 19770 5755 7333 22313 16505 37438 14319 38101 25673 8711 35750 40054 18175 12999 9591 23526 14673 27116 14006 17956 33121 29811 27193 40745 936 13011 49696 38165 23912 26420 18640 24110 15173 13392 9945 42513 30789 46213 36330 794 47010 14983 5050 19394 37719 3809 35877 27766 20767 45595 24586 18350 38458 39728 13184 43426 49849 20617 28612 9743 41976 45889 10026 28680 5330 1309 38356 10466 20692 21882 36638 30871 25398 35174 36199 9015 11171 25831 18651 6852 42965 33702 21766 43768 2370 26411 35823 7290 10150 17120 25667 17967 18639 29066 12141 25533 39696 46667 11617 14962 42788 5992 25996 3547 25973 30994 39997 33911 34321 20445 45006 1777 10985 13471 40282 49837 15927 46034 30186 1716 16669 34238 32916 47847 24182 40882 13956 14908 6940 9206 28081 1783 35582 46839 11336 38703 41723 9260 47126 8101 41672 25872 12692 16838 23768 16331 34086 10237 37375 33025 43949 28052 6981 6592 30348 34694 25373 41110 6730 21774 35778 47758 7960 19902 23843 35440 41930 39623 7009 38552 33194 29511 40736 40251 11084 8590 31104 43467 22126 20285 12135 38930 11362 35079 9287 17306 32939 15509 5474 19819 1522 33336 10510 17458 28539 11818 38265 17066 40389 20015 36787 3007 2620 3312 24498 2399 11720 14828 20839 23434 19328 47090 14830 2622 21912 31213 11383 43148 31467 8170 33576 12310 21428 46898 33687 26693 670 16367 33241 39615 10327 10386 30904 20344 47112 11524 36580 26875 23151 15991 1222 22768 34429 4217 22696 4475 13409 9068 11701 435 10404 24516 36799 16150 17854 41536 6712 49189 32582 15556 36303 6072 17557 21445 1828 38201 19339 8112 29083 34392 22539 12947 41144 10016 31589 41606 2996 48078 26878 25599 46800 10564 15368 14002 27975 17679 34303 17506 45526 33484 7718 5799 9879 13945 8483 49873 42896 13113 31957 22953 49021 5007 22350 36247 43264 1596 19375 34008 3540 10934 18597 20241 12194 24783 16300 10440 42828 33981 10826 46076 16831 37425 12562 42866 21250 15894 30460 18466 43334 43732 41610 28915 46522 26119 14376 20801 23080 22143 8546 24768 18381 10643 33404 41744 40430 7156 32023 27983 16733 30177 32596 33837 41613 37573 37440 39875 1448 43894 23853 761 29480 28356 12542 18362 9844 26617 22242 23257 46261 4125 31093 48903 31332 36662 5051 36729 9113 34508 45607 27670 31038 29484 9977 5009 44119 31574 18364 21599 6673 14571 37156 44985 15697 26573 5766 48729 13715 27099 13253 20350 5874 29181 10707 44355 38634 25928 37091 5767 31949 6240 40750 47586 43420 5798 12428 23193 45438 37275 9487 16139 39526 27806 18510 47728 45246 16083 22871 34332 46156 13968 47785 29033 47659 29500 14885 32146 13216 15589 16737 3672 43117 5375 1514 39413 46354 41575 20914 31942 37931 10907 19499 16058 4452 44837 2790 36443 27002 25595 27723 3234 36927 19967 23223 45650 29819 2509 48920 1282 13778 33315 16537 43799 31136 5212 6257 20099 47127 34159 21173 31624 8906 47613 12039 16470 8262 35889 37584 8729 36160 4224 16902 37501 21038 37852 13356 1603 38744 7202 41254 39244 19566 123 40868 40621 3083 45979 16568 24934 31419 13333 21843 38042 13781 8202 37309 40130 13682 34436 5254 4243 9704 41749 20085 24537 8271 44286 33833 29257 19588 16630 10566 25091 38241 20685 2156 33601 32112 1961 43856 17906 45678 14833 21841 38801 14920 48414 5573 45102 35097 1075 24593 34085 46770 39537 39199 32119 168 20226 21307 782 25791 1860 22942 10949 20084 133 10187 42616 41733 43318 26511 30090 21931 5951 15089 41418 9439 6417 31539 22592 42588 18188 21231 26919 14265 6747 42472 28882 28864 34453 13786 2598 17322 30944 14583 291 27449 19558 29355 20411 27087 13480 42105 5463 30012 11035 15065 16395 29611 28527 40550 44670 49066 43025 32767 20840 34966 29285 42907 72 48539 12593 36975 15276 36027 47945 16400 32510 1902 22739 604 6051 46886 7210 17920 9620 24873 4564 49503 27802 27157 19152 28204 24078 46024 38029 35705 20931 1672 22212 39146 44364 32060 42748 33448 41071 25622 188 25456 47715 5325 32226 5045 27164 16444 35087 14603 40809 19143 18800 41373 22192 40557 24543 26191 16661 1919 37879 35716 33486 6007 13175 16261 37426 29892 5601 23565 31095 27988 40684 16239 32644 12131 47152 26505 34934 44767 49090 28940 3826 48627 20041 36120 10577 34107 24802 17588 6570 36277 11310 13959 8912 43022 49070 46339 12871 47432 414 33260 45160 46045 17091 2407 6192 14850 31043 3484 37432 25274 7723 4490 8028 45514 38049 49834 10067 43415 31885 48339 44 42906 46038 39819 1389 26686 7673 32440 26916 44069 2918 42733 48909 36456 39704 44489 18409 20224 40894 27545 22035 24259 5858 1678 35957 12854 16492 43671 31694 37135 43094 14567 41608 37878 37073 41183 14630 12434 44840 8351 42204 42877 39559 45700 41969 24952 41851 26465 32543 14389 24420 29594 49301 4368 46613 16015 26134 22492 39943 30220 9007 18112 38667 12745 33168 46199 7164 11834 23164 8346 7467 21894 45319 3088 33172 9432 38778 20424 48767 41412 71 42845 922 3071 8555 26712 2075 30476 19421 42754 21086 31452 16198 44824 43881 6879 10069 25643 43659 43183 37623 48187 23227 39947 20244 27564 5772 11365 8086 2804 42772 40578 1922 6889 43509 30134 49069 35100 33605 2544 23761 42949 49254 12720 5240 30397 33877 43882 31972 11239 34093 34021 37813 49556 46241 11486 2205 36035 3798 48483 8690 8381 14773 27426 36087 36522 26363 6263 3477 48196 24901 41226 44329 10967 4916 33463 2322 26294 31294 7906 3993 1989 43669 20434 41062 29030 36832 20409 36706 19297 24226 38208 16428 467 47863 20907 31327 25170 18876 5076 47241 33523 9350 49945 45867 9508 15992 2361 48147 2704 23875 49350 38897 30963 431 49409 10815 46080 47743 7146 8574 48131 12130 17382 727 39164 19797 48985 46338 10092 9589 47400 38453 41778 24595 25452 36051 25727 8114 1809 48412 38123 49251 31868 40911 28761 47091 11018 16467 26202 1261 43646 15694 33905 46561 41901 8509 39407 48252 33244 28455 33019 32649 20850 14502 21884 14443 22442 28244 20954 5684 5754 30201 46548 49051 7573 36612 35736 36504 45589 28944 46002 44803 12183 28631 15024 405 26749 4536 14941 21930 35535 32225 21209 48121 14395 3855 9069 41854 3906 45945 24631 43445 9913 28140 47749 27188 2142 20764 17228 35721 33092 45536 29794 3283 13193 8198 5720 21015 31510 21475 16583 48099 14504 18066 34426 22378 38159 45247 19016 46020 12302 13822 42921 49857 36581 29617 45915 12339 27856 25475 31678 42722 26985 36384 28536 34597 15602 13897 21387 9838 10448 1604 20985 19425 41957 7926 47218 815 49910 34965 19641 48400 41634 4046 30305 24729 15578 39639 26204 514 24589 10427 33028 33582 45659 29273 36327 45859 9353 49669 1760 48152 37581 8230 25297 15794 22464 18797 13098 44760 6603 20831 15741 44692 14452 818 4285 1164 11838 46824 7457 48014 17309 16724 1812 14513 19868 5426 36904 35836 13839 35766 36041 35981 26546 3990 15012 34302 47111 5741 26799 42655 8117 25038 23473 7109 49776 20571 23197 33941 39469 33764 17545 10527 37650 21152 3827 30799 33997 29695 40221 4208 32542 8864 20751 32493 23900 1151 40973 47608 13540 43361 20132 23606 19668 28085 6343 38698 36181 9796 27615 16066 24737 20342 36452 15346 44103 46202 27985 20440 10594 45406 9933 34697 2554 43710 16065 14580 1736 32339 3707 7456 28985 25894 4100 27206 9164 23194 31130 2665 28876 29393 10681 3698 28517 37083 40493 47048 8009 5919 13017 48956 21363 9225 18959 970 47974 17043 40567 11444 33758 39323 43673 12476 17244 6070 42901 2728 4638 41169 27393 12082 1990 40127 36422 2705 13637 2104 25317 26373 35026 5104 43774 29814 39417 23331 1868 3115 12675 44548 29272 3014 364 2878 47247 29758 17538 25661 48176 36783 17008 28209 45835 30174 21726 31891 28233 31837 28012 8551 19423 24058 32950 25737 22158 48380 44242 16947 39464 3635 19765 49120 20488 33231 23821 38357 23200 47394 36386 35451 42690 42672 43664 9466 29121 30230 15853 43070 46604 26260 18339 21236 1264 28671 47798 39192 38751 35611 35382 8403 22075 27325 20576 24732 37961 41296 11474 35698 19024 24576 15742 40741 12803 48794 1130 9019 18109 42156 15682 10370 31227 47541 40355 3815 36270 19968 17358 41453 2037 49281 34131 19359 38023 21813 36055 47055 4744 26195 23369 45068 35445 49131 40002 2959 14750 12658 32742 139 33023 15270 17708 15733 32604 16928 28582 16977 19129 233 20797 30190 11038 47237 31325 295 35481 41937 571 4190 3940 4639 29575 2055 20064 29566 25588 36424 43553 34705 24645 19293 44392 12093 36779 30678 478 5759 11278 47696 45196 43163 7103 4150 37060 30880 9195 35514 24914 17079 16891 33622 29829 24011 41092 44240 4028 38733 48300 3689 5015 15993 32131 22584 35828 12311 41431 9614 25467 6408 17546 1854 48673 38851 3530 45703 4186 46165 4557 43204 23638 41131 23811 29934 43113 18371 27887 19829 38466 36686 17948 6308 13668 44818 6913 35342 47938 21878 32416 6511 29487 23231 20917 28877 37799 26122 44994 8960 13947 21886 37178 23475 41087 9236 26147 29723 671 40082 1387 28195 29888 38333 12373 34645 38021 37728 11564 38408 48463 6640 2120 48593 13776 31276 37563 38157 26454 38129 6862 9948 24864 24799 31973 19393 37158 16396 6441 19000 29219 28681 38831 26945 44136 29657 18862 2784 42110 44807 13107 13963 34052 329 2536 22945 38373 5746 33782 16933 31884 5609 11540 6297 6456 37706 28131 33184 8146 35317 39405 7414 48801 46048 45073 25133 17886 40096 24221 30236 16954 13207 29807 8182 5476 37514 49333 16856 45874 35928 8692 39833 44395 11942 6478 29950 15995 37478 35912 15073 46565 36851 48873 24273 2735 4969 30602 15849 43344 935 49098 14506 29140 27222 11276 7138 25909 70 37394 33965 35043 41173 4195 13027 6313 13250 11456 13205 7861 27058 4894 33947 1519 21408 31929 31331 4078 42014 4787 43829 20732 5594 47297 24764 15340 46663 9907 36579 37264 22497 46122 32741 7469 988 41640 10309 24035 23075 16579 15282 4931 20539 13829 37362 14854 30996 42512 26169 27868 7051 38446 9081 30156 11601 41501 45950 14576 37544 43161 31934 47371 5495 33741 36521 28028 43523 36123 15544 8481 22121 39853 27668 41544 10415 48304 32149 6144 30422 21064 23769 10583 19563 36551 35072 12061 45784 7479 31875 28556 262 6867 40766 8355 36772 41029 19865 1370 38977 36666 6320 45805 27229 33852 32059 43631 12391 22840 33364 44198 31537 34984 20915 47669 22769 8195 24382 16427 43194 27174 1152 20126 11929 6616 15209 30443 582 44871 29663 36394 39611 1895 32409 353 46784 36591 35520 29761 42378 46918 45133 1107 44603 26995 6668 8212 37081 43099 34342 18956 22654 6704 11978 38545 21564 33817 24135 46134 23009 31696 44764 2724 21928 32627 13508 36622 12983 26475 19206 30209 3321 31584 39224 332 11673 7871 18378 32088 11491 47256 35670 39870 3750 30404 16134 29885 6221 42522 3047 44585 49057 18938 28522 29251 18892 48563 32779 18456 41711 4457 18934 28801 35540 34776 4686 21589 19102 11752 31265 26360 31123 37930 28731 48244 25073 14786 10184 16386 17601 22332 32183 19267 16963 15651 36707 43962 40565 30627 41715 34923 27646 16141 13516 45267 25111 47797 17329 24856 18790 17812 44620 44875 23569 6726 18926 2364 38017 20433 7174 29154 1042 45182 35453 40498 748 8703 3401 48617 6818 13038 36426 34101 18038 29194 17522 18003 21935 204 46243 28379 4393 4176 14239 10997 12769 32211 30918 21133 12506 25890 37177 34746 43353 20125 38501 15847 19471 38200 17414 7694 17675 17753 48604 33257 7605 25420 30032 36891 4556 30657 41794 23025 44526 48888 4660 8641 46926 3271 2268 21443 45292 31990 23040 40608 37538 21200 49141 20052 33217 5689 38492 43980 31958 33046 33896 1186 15987 15105 28990 870 4025 43559 12324 28659 12244 9452 8091 29101 4954 4778 21482 39564 30371 44850 40839 31909 14244 34084 23218 39503 40843 35673 46688 21004 11485 32347 11706 16913 49216 10658 106 48146 8527 1040 15238 6183 37314 35841 24521 18815 31219 12835 46836 2349 28510 17570 12509 11565 32761 23382 8061 37862 48975 25144 39792 45798 16503 23597 38951 28000 19520 4433 48918 28405 29383 4865 44998 40308 2925 11960 6363 1319 21145 1479 6406 39054 49329 28454 11394 49907 4109 31468 10041 35538 17053 10746 19055 28406 36809 23877 9468 4248 42054 36901 14162 8300 9609 8543 48687 27941 36948 40792 11798 22087 36420 24744 1255 30150 45656 11968 29488 11764 47921 5898 46813 36194 6786 4911 31024 27441 23647 16029 16840 40944 44134 49693 10454 30829 36679 5657 9652 27682 21469 7386 17668 32293 40968 3278 5291 5053 7834 23508 21804 1646 15879 1039 14212 26151 8895 4515 34972 26776 38243 45244 47319 46500 30049 8538 34884 47548 36985 48255 33510 15590 47020 44008 19915 21964 24161 1317 44088 9899 5975 41779 45927 38929 10124 40576 14872 33340 30939 30925 47419 13358 28398 20550 25965 17852 6880 2714 48947 1698 7234 37221 3876 11880 26127 6013 5425 17831 14098 45908 31534 19945 25047 15221 37266 34292 27684 4679 48025 2052 10906 9946 1819 27454 1149 38558 5688 33123 37676 38678 11334 2000 14930 44642 45730 16504 4599 19760 388 34068 41220 40633 48597 29187 40232 40252 15074 11109 48991 44325 30033 30411 14444 42849 4144 696 45069 4040 5158 48124 2874 37349 18707 17579 34539 41726 43233 15150 35931 17412 24670 35216 45623 49175 2929 9400 2669 23588 15944 22922 16754 10272 11246 30908 43041 23511 8578 28620 25985 25238 32184 38846 1699 10786 6368 29328 8356 27578 9058 44448 45524 18452 39904 35590 42282 31924 20710 46437 7866 4999 14961 29001 10078 41783 49074 22226 6331 39934 27813 15010 30981 8777 32769 48646 5503 12062 13695 46845 1715 24008 11157 12994 26018 36990 27604 23090 27770 15291 14934 2058 37274 2413 12351 8255 44666 4324 5046 46083 20731 4584 38215 24668 14397 34005 251 47967 32411 37549 26914 31365 38861 26023 15881 17977 6835 46740 46466 27143 28038 28705 3494 9651 39888 21814 48169 1064 5971 317 707 5481 42092 16769 35333 25517 38075 18207 13858 16483 33569 4425 48797 29734 24225 40735 43986 25910 18537 34538 8825 24774 36309 22367 24653 43164 31629 26867 15292 41464 30823 5069 38919 281 32461 8004 27972 5393 4792 10863 2831 10223 47713 24250 3378 5861 3518 11222 39513 25172 12903 1455 34816 18998 5711 47806 9757 14607 30664 46949 25231 6156 29868 18004 34479 48795 23911 46786 39703 48932 7701 22952 19285 13922 6546 25914 45600 24827 4098 11089 13181 11612 2411 28886 33124 20927 12314 13025 47527 26777 11510 2517 16238 33931 41639 17136 41297 26299 39679 41461 25788 11497 10787 16832 48484 17867 21850 38400 16975 31686 46512 17887 34545 13747 6415 16393 13209 31236 4590 22985 25625 29231 27803 5888 32760 30076 29370 31977 47693 6607 32656 34461 26129 44857 18951 32042 26838 4614 6549 37525 44308 2093 14009 8176 19282 31442 21421 19711 18347 25271 111 13361 27530 300 35259 202 15807 33632 12000 24807 20153 43517 23656 13570 25948 35286 17248 876 39618 38607 8495 47565 32558 31655 16556 17561 33780 15400 9462 38350 25594 37160 34012 12137 30866 38271 41032 40394 44055 24321 37759 37200 35683 27799 15834 38966 7127 16195 36947 581 49691 33475 38358 47300 14018 37111 9950 9790 25604 6707 23819 39080 23748 35943 38070 27638 44665 13099 493 7967 9084 37915 14496 35512 18484 32665 12445 12114 29316 1979 3572 15394 2638 12358 18853 44099 24464 32016 42447 10463 18905 45914 47777 8938 31688 28795 27981 37273 42195 789 21494 45298 30131 43185 3433 41415 17654 41841 41360 23632 45824 15017 44713 43254 17436 17442 5083 9347 41664 8856 14862 38901 13707 43411 27250 18658 40411 45612 20895 34169 26450 27486 21812 27839 33467 14684 3328 47639 21504 37018 9366 47648 27459 49707 18497 40533 2395 5645 24393 35352 12616 48731 14140 2397 41584 23847 24274 6058 4782 46063 3606 7652 30722 34313 40912 7142 44028 41819 42108 2562 22452 15635 21113 1082 110 28643 7391 49267 38296 21853 19056 9351 28929 47174 1234 24320 6907 16422 5749 3766 23441 48970 17492 6483 7504 49385 29047 40694 15658 12961 187 48173 45352 47365 15514 2005 42857 9386 44898 48519 15691 29314 20810 18768 47504 31946 43931 3395 11771 14595 3541 5012 46823 46462 29236 23361 25524 38697 39050 28516 43101 36318 44707 30545 9404 4123 39100 25465 39845 44690 5306 44165 10371 20941 49308 2577 21313 36060 14661 31781 12421 23189 44371 4713 43295 16057 21803 16280 22276 12032 21719 35954 11981 44065 22182 35897 27494 3168 39412 25359 34719 27674 32205 27014 3723 49812 26811 18706 36455 36475 41454 27669 12196 45646 7824 39713 11835 42057 8079 6073 17212 23364 22674 23242 32892 7387 41204 36989 27129 39821 3482 27295 40618 15573 2839 13410 24669 20403 3581 27030 23287 29361 16959 35910 9821 5450 42147 5800 23095 48843 39977 21371 1572 31071 7537 19083 30750 44190 22358 30496 4350 10436 13215 4112 20316 3821 27551 3731 11732 6019 21634 8462 25741 34678 2088 39035 26735 18913 43168 6407 11735 27534 20953 26031 1972 18584 40483 39327 28753 41538 6768 46961 47120 6394 42963 22459 31752 15162 34116 17425 14223 2166 4785 33252 25032 45717 48480 48316 15223 9676 26610 20883 17646 48074 14114 38226 24405 12592 22421 41185 19480 32544 44671 39898 17413 27763 15495 22844 26976 32610 6501 49286 24857 27498 37646 31895 5430 4520 41207 17664 23642 8824 30930 8794 17643 11375 27645 17206 9246 34473 45679 17686 1258 36044 17432 40552 18235 2954 14933 44934 33282 8534 36068 43307 22510 3430 26699 6379 12581 3053 47252 44293 13163 25922 12481 32165 15101 38750 4753 11723 39068 33624 26400 23253 26774 40649 18560 15133 31650 18933 19731 42016 22085 6374 1293 36896 38502 18681 31049 43937 11956 3344 27600 17251 38515 22123 12632 4065 41705 7984 40165 14019 43331 32249 26603 21741 45183 9049 569 45572 30484 3824 41502 13860 37016 45540 31378 47960 5593 31250 45473 12869 47620 4906 47953 47472 30339 24260 1235 6820 45146 23766 21251 21525 49831 47999 49698 23454 44092 3890 48659 37201 19689 43369 12941 18310 23301 48531 26045 25576 22140 43296 38131 30472 18276 42095 14129 17324 35138 31951 25276 46309 14524 22950 9211 14744 37750 44239 46011 40850 8596 25236 20209 21917 42840 9675 39835 24491 14594 11350 45586 18111 41435 21696 10198 23726 41172 35325 49575 25240 1630 2110 36695 13576 19916 8575 3276 26181 24094 8892 23502 41667 40426 23902 37433 22337 31794 42386 31476 46381 44474 6231 20181 29769 39791 13670 30182 9801 25284 19762 14082 45184 9994 33936 13754 34904 38687 20203 12583 27367 10754 35929 32435 40010 17218 10961 18491 8322 3140 49058 31016 23654 24545 20354 48916 22108 21863 49799 22594 42395 40830 45968 985 30072 24480 27290 48522 41193 35094 12713 4198 639 22441 48309 8026 49576 14188 38169 46796 10080 15194 9871 10555 22206 7126 12621 13335 22692 35456 25646 40957 32382 12170 18873 7638 23564 9435 20706 27745 48181 46168 46335 24471 32847 15482 17069 38303 26582 40969 7207 14385 27115 49320 43836 19068 29360 11145 14799 43838 13170 6757 18316 32133 38850 41142 27158 29954 10144 35609 35025 10191 5875 46550 9170 23917 13287 49186 32357 38154 36158 23851 13525 1684 47522 8441 33867 37115 5816 27258 18419 20320 31948 21032 9209 42827 42693 5427 6355 33037 48680 20785 37490 11033 2732 24866 42178 3337 26537 22173 17041 44351 20063 46602 21545 84 28889 23970 19690 2082 24155 6721 29171 46092 7104 41153 20982 5850 16749 23613 25216 5457 25645 33887 21921 28531 19010 9666 45870 17613 8224 38837 15599 12892 5187 33636 8508 27364 17512 39280 7294 4827 49319 41557 37588 26644 40537 34774 41585 23021 26395 39986 35052 1088 20159 26358 3237 6230 32898 24349 45321 21562 39243 17760 37791 31899 31448 41814 20841 18568 34245 88 17093 3038 15561 36211 25837 31390 18041 17474 34496 12825 4791 35373 4353 34711 9566 41545 5658 27877 30188 24119 4886 11068 30029 30379 42971 38682 31834 11548 2342 35903 42671 10710 45848 20166 10990 25944 294 47031 27069 21835 18684 41913 1784 43335 45404 42201 3101 38658 3771 8742 16799 26244 21049 3671 24158 849 36354 13161 22203 18309 44157 4115 11286 37895 26295 38832 4022 34852 7712 46937 6811 1517 30491 28351 2817 25367 3831 31429 22903 44677 4460 39410 14008 32571 32027 4420 31053 8320 27026 23305 3055 41967 25968 37583 22372 21182 5667 47889 8116 28087 18877 40200 4903 41260 13475 1569 23050 48168 20867 38816 16075 18936 20756 10542 49132 41547 26891 40580 40643 44049 44517 18411 23615 12767 44924 27951 20116 11505 28850 41888 48206 7916 1206 42721 10051 10156 25534 33081 10851 22169 1889 33619 40675 24676 40881 45063 20296 27478 3043 16776 13658 23946 33069 34399 6789 23330 26536 40288 23299 7045 47099 25411 42713 23190 1434 215 18354 22005 3512 37340 16924 30846 26109 24377 48582 701 19449 14945 38108 38885 22209 33717 17729 44064 8612 41604 48421 28126 24146 37602 3323 10899 21013 971 47228 12447 39381 24431 49437 47041 40452 49015 39594 4128 37164 41525 48118 47738 48364 16621 47664 26326 9121 28581 2787 48799 30047 26148 1571 17344 49214 22851 27019 40892 26993 26030 30705 15439 17087 33134 42682 16774 10668 10633 18527 30876 33195 15383 47370 27830 49209 34813 34557 46222 13243 20499 29147 2330 5341 35337 20753 39000 3776 41251 39569 44776 7970 9823 14942 36635 4850 49713 18328 47009 22612 40616 12203 5989 32549 16951 41320 9207 40549 11363 43205 1495 15142 38625 13234 28494 124 17793 12761 2343 13547 27179 48337 32473 28606 30265 33209 20225 13002 29812 14229 31777 31267 15183 15345 39353 9702 35643 14435 28743 18477 37979 12601 21476 30766 40773 12521 39782 29573 13353 19486 40290 11161 39434 11915 39744 35474 19888 30035 46128 47182 8121 2800 28842 47154 1307 8453 13823 40893 20103 1531 47417 29935 36597 45826 26086 47799 47920 9043 32712 39552 27155 30359 18234 8773 18861 18600 24190 13190 41177 48291 29744 19826 48814 21851 43212 36305 3857 36566 6361 40196 18121 18360 27070 30331 27815 17898 38777 19198 6572 43333 10545 2404 14270 13626 12531 43388 17386 35209 37764 49616 32913 4671 913 38555 18593 37935 25556 7803 47630 3403 12431 31714 39666 30936 31299 37580 35312 8579 43920 33615 40322 27045 23069 27086 26532 20039 18037 20630 45080 47075 868 549 10793 47707 22624 21798 15311 677 22607 36811 23926 2341 7687 5673 25797 49431 2359 42099 36986 34375 27 22185 35959 30435 20506 35280 30638 24505 39669 49011 17533 5552 30966 37631 40491 10308 36732 15135 21527 10514 4879 14893 7175 16354 30313 29499 19886 43538 25607 30111 12367 45465 33814 3729 4666 25319 20264 26661 24293 9688 41654 46892 42638 38669 8524 12744 49791 24761 10481 5118 46805 28269 32218 18147 14629 46589 11306 14466 35064 19410 29630 46669 29396 29235 37011 12538 42752 21077 37745 45781 6326 37865 32576 42924 26005 18825 27993 14004 13726 16530 21770 20013 38207 29909 40235 7196 36215 27960 47460 31103 47545 2493 19066 13394 21678 10506 39566 8519 38537 22995 15300 33051 11348 21195 1555 33985 18607 36987 11820 24381 46543 47733 20545 17390 16881 41114 47652 42909 29995 27704 3363 4242 49111 26678 45478 9503 34065 39111 31806 7258 6188 7852 48357 13597 38580 45201 1273 32268 32861 36902 3820 32972 47491 3573 22531 10256 27524 11990 1541 10534 33452 2079 31120 26435 3000 16376 41085 40497 43297 39935 32666 6963 20683 38717 503 28060 33819 30179 30870 22067 29832 19434 30395 34927 4838 31235 9915 31328 292 39662 42624 4587 26671 22284 28250 26512 44714 9370 34519 39259 20877 19924 14351 27466 26170 7132 27443 33982 4714 48750 20957 22619 22426 29721 19538 945 13840 48785 13350 37431 21489 18688 37197 40197 23302 46792 18842 15376 13425 19210 38741 32387 5807 17000 18832 20760 20001 42122 11586 43543 32189 1384 44596 4616 40215 35345 28614 1590 19635 44911 11591 25130 21643 26250 15314 35760 11572 11668 49866 31200 19606 45477 47544 16295 41899 15207 2006 5417 6972 47808 48840 19978 24439 3720 24963 20983 28754 37839 15485 46739 38089 28884 5742 36258 20123 7185 23558 32436 45205 11711 21838 2372 48190 35149 19466 28124 14510 9635 48194 27172 15512 13151 41791 7699 49094 29512 6665 7532 25097 35955 16997 6453 36965 5008 27884 43109 39379 19392 37943 23765 22533 31914 26990 6037 11680 23028 37847 40103 1491 31315 31251 370 5723 13297 28018 45460 24680 615 44390 18655 22972 21407 12212 26780 47424 11651 40435 44418 47409 15884 27539 45567 15137 21535 16571 27227 28639 43603 5274 42111 43940 3566 13835 41882 34978 44161 13073 1617 33750 42196 11629 44659 1106 47915 49543 38900 247 45503 38138 33979 32192 29417 29801 6201 35229 27424 20140 38161 13529 20143 33165 48662 28647 30688 23736 8597 34770 32415 9814 35133 42613 31830 15633 49591 20281 19263 48177 42206 26517 30148 14577 8861 46008 19495 10952 6870 722 46098 30768 34182 25900 45397 45149 27563 32718 45758 21680 29857 34576 39906 47163 36808 2921 31143 35902 9716 36427 19625 9861 12847 34573 49038 31499 16064 38780 32960 127 33723 13311 39861 33001 32055 13266 21845 31029 31074 39781 19419 39595 7385 20921 17452 49583 17208 7149 7353 33621 5286 29763 4769 32837 40584 41862 4356 28093 21655 36502 28912 24869 18383 44009 21189 17313 43345 27895 692 1169 41472 45842 18202 22145 3414 3642 10827 21431 4299 2178 20526 38715 4292 29838 1409 8302 45216 41987 46819 3742 39897 12381 7026 19164 216 10193 47250 46519 3699 17373 37536 41316 31344 5438 31699 16432 46514 14372 49813 39047 40770 13061 35798 11681 852 17300 14813 44710 20902 31198 9475 20190 21205 23860 37876 33133 1823 10629 30706 14107 8800 38348 19939 13122 25048 28854 43450 31509 37069 9416 1879 37410 41141 36096 10612 4443 14360 46470 40860 19990 45906 31943 43639 899 10941 1272 36970 140 13404 13369 24860 15864 23717 26648 6319 44082 24414 30899 20315 43230 10525 5550 28382 18169 42546 23327 29274 34534 6629 49268 12682 33719 24486 27192 46016 15125 22359 20083 9265 7389 13244 15559 25702 34688 11345 29813 32383 19622 37259 37853 16020 28232 4807 3762 33617 20301 28981 46316 18710 4050 23373 3233 21041 20538 41186 33314 31645 10549 14365 26918 35872 1862 5272 11097 39140 33679 38749 12851 32243 40836 26291 1546 40937 10090 28502 2630 15812 21369 35940 35104 1851 13974 21361 33960 40186 30198 6660 38277 37026 17676 45743 9858 33799 35438 39219 43586 7904 18508 32991 10158 18915 13996 3346 28349 21075 16736 14844 29579 38293 33187 42145 5804 5356 972 3738 10365 36648 17157 17908 29817 41301 26903 7388 15720 10271 49204 42428 30598 35210 14628 31317 6388 16640 18865 29372 11133 15046 13197 41306 23898 6602 47594 45583 49640 35035 39495 19070 8905 17845 26756 40305 49169 15656 29139 3522 43874 39260 31167 2682 36177 36954 18691 11901 25899 45777 36014 10618 37400 23563 37260 12787 15854 9029 2469 35444 44737 44890 729 13337 42220 11164 35756 17308 7820 47018 2047 33207 21208 17163 18738 40330 5936 8828 37358 23490 38525 31343 14575 48311 41931 33175 44812 9228 36669 6868 3647 46527 26581 29526 3230 40180 6455 17625 34108 8791 20580 43098 7932 16493 36867 33372 38516 32541 28136 35223 33918 18620 16358 37991 44625 5801 4482 17179 1054 5386 17795 22803 2783 41486 28094 17350 22890 1422 47360 24131 32805 28109 3171 45597 45402 679 11993 41753 36611 24650 42484 10484 9390 40611 28869 19484 40449 48992 37856 35105 43679 11640 22849 36017 5462 38320 21052 36676 49460 43721 10642 21212 18440 26628 29911 22979 26427 6140 45189 31723 11894 7368 7828 8855 43398 22436 18804 374 19756 21725 23343 20214 2305 14529 31853 492 49220 47661 19983 9855 22383 29453 39612 15272 43389 5075 30233 12155 18664 2961 38704 18060 36400 22499 41058 7808 3806 44187 49288 2092 25095 19706 18660 7131 13527 20405 44473 14822 32959 43110 23676 19489 28956 36337 8189 39709 37909 24546 40477 28117 48020 9190 36052 36465 44208 14116 39757 354 8807 48580 13669 25416 10709 7159 9517 30670 27437 43419 8888 28599 46893 46125 27191 29664 39806 40207 40721 30578 12711 18217 39573 42356 47019 27772 380 23661 7562 48630 16306 32168 49234 130 3937 44306 18087 48180 17275 43341 13355 44472 3919 32993 16615 42366 25548 36162 35533 34011 34368 32336 20107 9921 27046 26992 22684 12586 15107 19533 17850 31691 17532 4038 12393 30555 4846 39671 15109 6316 20967 6128 32426 29766 9962 40414 38079 32295 16248 20202 21265 42893 37962 31228 46810 34886 29537 17847 12386 5030 7943 45876 15695 40545 31226 28500 13056 44579 47184 38266 8570 29250 3125 18992 38647 6412 11995 28927 34869 47887 35911 47373 25610 18845 34505 42707 43812 49769 12417 22166 30400 9849 39938 26955 19365 3848 9656 33902 32921 7623 4192 15555 27332 4258 36360 26853 35028 20002 13560 26645 43902 31726 1712 16281 46037 40503 8876 47841 25578 22047 32011 38040 1593 15693 34434 49495 13227 12067 26723 29694 29371 29805 39427 40319 31302 46632 13634 2039 5311 14384 34745 7666 3319 23965 43642 17004 21539 31739 19412 23528 10648 25028 35143 44335 23414 44158 7097 14053 22638 22269 2344 47684 25756 49147 21059 787 14095 23888 30729 43406 45761 12750 1680 33548 36361 47437 46586 8 29424 34514 14367 36951 40190 18747 21954 15257 44255 32905 12546 14959 14348 26141 31015 43116 20946 16762 37096 48144 18451 27612 47341 14755 32190 5465 38699 1942 7809 45108 47430 43136 39911 26404 13348 39501 27911 44816 26251 1886 27621 10738 30448 43601 1028 49887 14013 48526 36226 36371 27728 38106 43588 32563 18520 39234 17550 1320 1057 11269 36712 35112 13393 7625 37399 2374 11768 46672 24946 42342 32578 36702 105 13152 43489 34501 41990 660 16819 40586 5374 13555 35177 39631 21390 13933 25059 7609 35603 26461 34585 10687 20417 49233 11438 7759 25771 28334 33391 42760 8283 22150 15397 7933 4836 48241 4333 10071 6168 19525 3112 4221 12338 43342 18975 4704 6251 15266 14895 32736 7907 4967 18855 14985 5595 21398 16674 26702 13148 26748 11754 4698 34176 26870 15668 30817 43332 22394 40141 13030 41848 3801 25920 13928 21630 40326 27147 1174 32456 25392 20038 14347 3768 36368 42038 23211 18078 30862 35704 4566 48559 42838 27754 6604 24039 40914 93 16958 41419 32829 30274 7689 34883 8771 22731 30482 6149 41151 420 2923 20431 21519 5302 10476 44614 20093 6878 22836 44963 10213 19577 10300 47244 41929 18730 43917 3712 28549 41283 29319 25997 42284 29146 2768 26474 22929 31293 16157 3368 46369 36680 42393 24196 48496 2117 6060 44996 40416 30935 25299 45032 28180 44646 26078 45728 47102 31195 9534 16711 5521 37746 1622 24730 210 43892 44905 28104 13082 26135 22904 18288 14922 17171 11765 24424 15985 9523 33515 34359 42304 8390 41631 48907 40159 31238 41489 4463 32290 45611 31477 546 46480 13141 22132 14810 23386 384 27017 33279 4417 47035 37228 44321 24345 4602 43143 12510 5605 47440 48208 9932 36298 30676 41579 12572 48545 22477 19071 39090 28498 48832 40634 41367 26133 7950 48836 35424 46530 22960 45140 19793 45306 23513 34767 48374 40898 3073 40799 35968 1079 3554 20885 47153 49899 11268 16021 17894 37484 565 31991 38225 34722 48869 881 36784 47095 38670 31376 32865 29006 27886 44584 6440 6865 48175 31800 21465 14394 35850 21178 33721 45258 25572 9535 31757 23394 11997 11954 1094 36059 29625 43074 29596 2718 49500 47695 39705 35476 48552 28907 25709 46124 391 35742 23938 11831 29220 32790 49048 27374 15019 36758 16979 4063 42881 27260 3480 35183 47638 42323 45649 9455 5561 1651 44287 26591 32783 42436 24076 24743 31802 39043 30893 40263 19458 8804 12810 21261 40069 32746 37509 23032 15334 13211 40451 17939 28819 38318 49122 7860 15953 41 14779 13601 182 33954 3849 36241 15431 27088 11576 17298 18882 22861 27873 47423 42012 24949 44923 3666 18072 28224 19763 47288 629 47923 14464 9335 3383 10589 1340 42380 36778 30658 5320 36392 3902 40157 45221 28320 6697 15447 28546 37373 3307 2381 28655 17969 10246 20650 31979 3488 49859 11589 33525 21350 26550 12549 36268 26103 29048 9926 49889 35624 40022 37743 1312 7178 27307 7786 32655 40855 47261 35397 46321 26760 15384 30976 18400 18517 3747 45344 37526 36511 21401 31998 8353 2995 13239 28661 6050 34568 35790 34835 46096 36501 36473 17645 27966 42549 25668 6941 32995 12043 20451 4380 21239 14528 14807 39588 25422 26698 16642 30879 10263 20022 26906 36548 19477 28365 16072 26859 25129 11427 34780 38304 46370 23492 10653 36594 5218 11959 47463 7123 29190 687 26654 41699 18027 34069 1822 43251 48134 19054 39014 29179 22920 34376 41248 9137 17721 3264 46861 44236 37971 23507 42929 1487 32520 10011 5519 9938 5411 10079 28462 14242 15197 7685 12316 46608 28355 44523 15821 16288 3867 41237 7517 2066 34274 13761 3246 49217 448 19560 36250 26062 8087 18161 18267 5852 25197 12954 44607 5729 24014 1430 27755 39586 17116 23489 19802 33308 18157 47896 40645 15303 46991 42062 26707 22639 46881 20148 29589 26399 37904 44219 5702 40579 42120 23229 24654 14491 22848 35559 16739 14136 28292 20713 43453 3104 23575 17402 1982 19881 35107 12035 34431 36588 9778 17103 19728 48006 8251 2045 30831 49192 7614 37226 29535 43140 24629 24526 36543 13305 10274 6960 6167 46375 12475 32772 1362 10928 6287 47766 44303 10431 4581 14759 34734 13448 6684 48571 2269 4923 33108 39420 27022 11774 32299 35425 26090 11837 4256 40404 28776 16927 21540 23788 12619 23467 37557 47093 37754 39641 1453 38883 28629 4387 6545 41510 6763 30332 13698 27894 21605 12626 7810 49461 33220 31466 8677 8503 5718 5090 28597 8992 44345 36304 48981 7538 26935 28112 1936 5624 27186 25446 17194 46726 34220 42751 266 38542 30913 47970 11188 25272 22044 4636 25935 8898 28881 27037 7578 21258 33503 41497 46713 42625 6535 18229 28314 26173 1241 24600 40732 7133 7931 45028 46198 9313 35632 34252 4498 24444 11184 18999 22336 39839 15049 49747 30151 12739 46435 12998 39 4735 32784 46958 21039 32553 46373 22363 48586 2924 37911 664 47606 44551 2982 49299 310 33283 28611 5260 97 23480 8850 16596 29749 30776 6015 6527 46084 21913 49389 28936 3895 25660 34676 34396 21578 48516 45278 8852 29947 44922 31296 1192 2846 36861 2244 49546 22003 13756 2221 37548 22352 41417 6551 10442 1800 23623 8378 28633 19347 14246 36397 46359 1218 3882 5743 30733 34699 42516 22172 20707 11337 45380 7419 21458 20694 48459 17183 41383 45302 26895 19852 18647 8496 32400 41994 38252 41205 11551 49806 24089 22117 41050 22875 9054 36714 35255 5690 36290 19768 20771 39522 40564 29745 31314 1648 31829 3489 14777 38661 35027 30248 47456 10007 45998 7870 10055 30609 35011 38810 38475 1008 24211 49539 34157 4283 10173 36265 46138 22366 22582 44374 33087 32471 12163 17798 35567 32681 40067 11745 37765 38105 11113 48419 12369 31449 42357 1117 13195 20910 12819 2356 48844 48937 20204 12413 13732 43678 48994 44624 33804 19810 39538 31535 9120 39625 37651 36291 28547 11331 46638 31552 8589 6567 4484 43306 40262 21707 24685 26159 21745 36895 42773 25868 28257 4842 13057 25918 13505 43405 29620 7519 41319 31805 30424 40656 35852 6076 2736 1200 30298 43042 45559 3054 45239 32277 37070 28091 34048 38939 5279 10010 14364 30549 12731 36967 46324 11925 26468 9555 5357 18330 19454 2773 48030 7619 27937 20622 27305 45857 42898 34848 5243 34968 41573 32021 33891 16186 9464 26633 38635 18000 37968 22377 26863 27310 7963 49130 28051 15649 5809 23720 40846 46698 5773 10004 37850 13577 16100 17808 20972 19088 49598 25692 4099 30391 39542 6954 6792 6759 22846 15158 1763 1905 22287 28528 37086 36583 35553 26629 47531 2247 24814 36525 22224 17239 24698 42769 38547 28595 8174 43593 24651 28092 33008 40081 42236 23536 31272 34090 32154 6356 2228 15029 23008 18775 35730 34773 3560 3725 10613 31869 35153 17587 47642 24979 2794 23795 25281 3050 33003 5923 45634 35676 33958 18751 4604 27161 229 12598 2816 7847 10743 18186 44604 1701 35812 18115 3880 24992 22919 6477 34136 43803 36285 42940 18126 8382 24806 27470 24036 47822 30212 27243 7958 37626 18180 46468 36956 48039 45817 5152 32069 34185 26570 974 26398 2685 38772 23503 1574 8826 29384 21810 35137 2135 16517 26266 24497 44913 4088 11611 18767 19037 17879 29124 29631 35467 16740 778 6909 14272 13948 34386 11141 19228 38077 12455 28771 45130 8708 41979 17434 8045 48377 13714 14890 36249 38865 23393 41036 20408 22704 3886 23960 43496 14048 9167 19942 8168 14473 32449 35065 7990 35617 36271 35995 43188 10379 17932 16311 31380 19952 17288 15942 31521 6336 24742 37956 24609 8252 20717 22451 46304 9151 10890 37422 18631 12558 49851 22022 42188 18101 43500 24817 23086 44445 8038 1739 17142 46670 17335 13319 9402 4317 2779 28860 31146 21315 32951 16514 49072 17912 9158 1095 7561 32448 38117 22732 3173 39489 6392 1029 32791 49677 39661 43690 43998 48107 21628 35389 23918 1120 7357 49247 32480 14592 27357 47062 44201 33056 36157 34062 36780 30329 41070 39112 26813 47901 43576 14825 42084 33111 33199 16177 11223 42406 13935 8015 28764 19528 9816 23077 42248 37642 2321 36307 29225 40858 46018 17279 8343 18329 27430 947 24470 26636 27525 40095 28197 27515 28777 22162 2633 19179 28542 20976 48012 13927 10927 37711 20019 24913 12748 7277 37339 3213 21310 37539 23322 30874 17127 20086 3440 20657 26091 48723 45506 10932 15986 30099 45741 1880 23607 48263 1756 49911 27083 25933 20235 35979 7471 19107 4522 3377 28945 28431 38849 7646 11221 36233 36513 21005 826 48188 7830 674 4932 18860 23837 44482 38962 3185 30816 1615 22241 40387 46747 33171 38025 31 4366 15467 26367 5507 29448 10817 11708 35124 13569 17036 40154 19971 41911 31823 32255 47784 24898 22361 21902 20811 9040 35878 43857 7449 25211 16419 22080 21513 30745 11509 36404 15891 27016 9483 1910 30839 38863 14031 14201 49794 39331 41328 12045 8650 659 40042 48783 37699 45933 49026 30235 32809 5908 48657 18943 3865 9611 12633 42286 996 7815 8197 5065 27101 3172 39770 24001 27036 45206 43921 49515 36148 11919 14757 17189 13261 180 12390 18878 41179 30666 41416 20324 4215 23232 37055 1637 4138 38354 46835 34260 25396 1585 8834 36773 20115 18973 44810 15026 28698 36359 1313 33401 30821 2867 11518 33413 30819 37310 17945 36374 47486 34521 43589 32118 7747 29307 28955 44217 13533 13078 47761 25108 27084 34594 11254 26784 8330 9927 29349 2788 33663 39099 41859 26389 21644 16547 39198 26987 47651 18149 17433 14839 11679 46259 41471 8593 39749 24832 9018 22647 24826 48226 16154 33263 22560 5269 43825 14741 12073 38274 37787 13326 42280 11135 8471 3370 2064 17145 38316 24156 823 23741 31320 33 16054 14208 37617 27787 41371 14214 36114 43633 23424 49188 37643 13681 39156 33014 37864 42934 7655 7491 45568 33170 36116 13902 29196 11440 46597 46872 22927 25926 2873 15096 35913 539 38150 14220 21997 21572 19581 30951 11697 13315 22221 42269 5640 37924 11473 38996 37131 24810 35569 2263 1332 25879 26714 31617 16041 35729 27342 44814 7112 42831 42731 29440 32484 2508 16061 22970 32762 38388 13185 12900 5806 42013 36167 11939 35630 1372 3436 35489 14864 24016 8541 40372 46501 25109 39555 16190 8945 30851 21050 21097 35282 30629 28489 38209 45760 4571 28873 10869 30572 45726 6194 8670 18376 26800 7016 35598 28480 42875 13896 25268 10317 38300 35369 11923 31190 45987 14643 15222 44031 47294 22631 21500 47983 18253 24163 5193 33728 44061 49203 21219 49184 19 22915 15110 376 44796 12757 21985 3435 15132 27740 4731 20958 5040 12802 42545 17141 24012 6328 39752 44683 42405 26831 42423 9426 1041 47739 19469 16138 25656 10513 37772 34383 9717 18680 8164 20471 32012 35780 21389 10082 5979 19441 25021 41158 28499 3805 46617 31821 20090 15727 39975 21132 48816 37245 28385 45718 47759 34810 23103 11178 34487 27110 5216 33418 5893 30366 11772 41196 1748 47867 4603 44273 12561 35703 12913 34928 2625 17399 23065 11828 11175 30170 43667 30648 9671 40853 48464 12193 18163 19490 40546 27959 3668 14218 23866 41124 3470 19638 9526 47856 27851 40972 17525 37127 45966 22987 18294 19432 25946 27062 26583 32552 12762 28751 34289 24287 32846 8450 7168 2234 1881 23284 43672 2026 42725 17176 24848 3247 9124 5937 28031 6357 23264 7151 2803 8979 44685 32457 36234 19935 17211 8122 35987 109 35328 33795 10059 4158 2697 31740 4984 17261 2753 13622 48044 20994 28283 32970 28642 38788 16692 12563 33012 3056 18494 27650 17353 48825 44128 8263 46551 4567 48294 47840 10313 44086 25958 31040 46353 3568 18526 5412 38044 21098 18516 38601 24922 9494 31094 11031 32628 6683 1689 43907 33109 16282 32018 46499 46719 49020 16092 47910 1045 7936 33572 19654 32464 9655 15023 32969 49875 36542 39771 36154 5721 23831 35869 17856 22264 10304 34362 36266 20656 9356 39736 11558 1456 39954 36598 39930 16616 10044 40795 47229 24399 37842 40044 14668 38361 43430 32925 6199 17543 22171 18930 9709 8232 32222 48230 8869 18783 12350 18404 650 45312 39580 17839 951 15427 46273 16816 18863 25706 23148 33948 45436 32425 31826 27619 23350 46990 3503 1116 43746 42908 29031 6857 24248 49714 29735 21382 10438 38886 23488 24706 38924 41025 20647 25406 36289 14981 49524 41393 43293 21266 19118 11034 49176 19586 41255 38420 27401 26272 12585 16127 30788 9705 20155 40688 766 35526 49618 6048 27059 32139 24712 43146 11515 25851 13887 25936 25382 2531 2955 47246 20642 6338 48220 21423 31436 7226 48080 48696 7144 48110 32674 32967 44095 36888 46967 39065 31359 23892 26663 32092 12736 12951 7818 35430 22178 37480 41413 25912 46390 21686 20636 49293 25397 18852 42793 42100 41291 40979 18843 34817 4860 4545 13400 39104 43928 14653 29524 2068 38236 49198 17437 35904 24983 40781 10423 8489 49305 7500 6294 17214 17558 16748 2715 15779 44183 6309 37520 22050 6253 7402 23790 16693 18242 22424 32787 8290 6136 6834 31527 5165 24660 19094 1096 49413 15645 37708 48980 920 1066 45911 43030 27708 3197 48401 45401 32926 23604 33816 45011 14267 32692 31375 6252 30815 17273 10127 18854 9661 49388 118 545 18582 46193 29005 26280 12970 15455 45558 31883 19555 33223 19229 19145 2971 12075 41325 40198 29350 12258 5228 12157 36477 35014 18695 4358 40866 43201 49315 44051 7044 20845 25772 36048 47892 19036 24025 31006 45110 7381 5033 11185 31324 40489 26572 43602 10444 43437 6093 12321 17785 217 10803 35944 49348 29828 5389 28578 41024 46950 2241 45993 5204 43599 18830 44595 41201 48615 46959 206 19491 6590 49215 24485 29425 22553 49289 588 31920 16325 15893 12112 18335 39509 30835 13618 27997 22794 9546 32035 14143 29770 404 34483 12068 32297 1498 8919 43076 9578 41121 29142 8673 10669 6794 27366 38798 4011 20487 42757 8278 10284 49447 32929 37374 23230 11181 8328 37938 43570 9316 9698 24454 27953 5119 26868 6896 21218 34127 3736 508 2409 14291 14585 34019 38620 29964 25303 35495 26650 5223 32349 40706 17730 17274 16541 46793 45834 21720 14055 37154 19494 39033 46355 8772 24556 42784 49463 9754 557 39685 29527 22163 9153 10608 14662 12751 44754 13500 2459 11637 31216 3901 44062 33041 9592 27532 37153 8151 25339 37195 45938 7811 9003 28234 7198 49455 967 17352 32406 2054 35387 36592 16878 178 42388 35521 36015 29402 42203 49762 49642 652 48707 18714 5235 43584 6861 31835 38130 37053 43209 6164 22482 21460 44851 49803 33082 10788 37149 19117 45155 34742 34111 14478 30589 26162 12801 44277 33635 27665 15689 45125 11441 44361 23493 45633 1561 2418 28921 31644 46804 19290 21932 25407 30263 13158 34490 24710 3179 6335 39925 3207 32505 42534 24339 9747 23062 13084 47939 9259 8715 16364 35953 47282 46799 8227 25558 3076 43724 17063 25248 29757 44795 5826 1497 16573 10381 46154 36019 45448 33062 48361 32305 2123 11521 41817 15775 2555 40211 12783 21715 43165 40329 27510 4279 33858 42557 1488 47964 16412 14078 29824 9161 10805 22340 12668 29931 37388 36214 14660 3538 33126 11049 15781 36286 2754 45264 5379 48254 27296 37900 18297 17252 26937 27337 29485 39528 45084 13608 35330 48701 20878 25649 46196 25250 13628 29296 35527 48334 26161 6745 48691 40073 10962 1602 37254 40562 18088 1527 18902 40112 13387 22393 22112 17660 37194 23131 49123 23778 42144 7833 48712 8658 9237 41211 4077 12374 16240 41641 8615 47484 6874 11827 33488 38702 10796 1351 45635 29262 47976 6323 15750 30667 2126 9653 981 42507 24804 36792 40156 30720 23988 20519 17510 42564 19136 23426 20040 13343 30146 37117 23810 6410 26361 29068 30107 314 24450 41846 42035 25090 23504 38776 32662 40812 13450 13377 43549 44578 2417 31966 36176 16355 23233 540 2670 16758 48120 10839 17453 14898 31822 26657 34181 12884 21862 1782 20533 28744 39959 20703 29186 6561 44698 38774 17376 2597 24222 29256 16810 5202 45088 29703 26559 47940 12691 45977 48362 15191 32468 10455 366 5361 10221 25066 11421 706 10393 1817 38233 3834 14563 49036 35432 36741 44221 7347 44416 41747 23006 14836 16445 41078 

Componente 3 (tamanho: 6250)
Vertices: 16 20289 39225 641 27624 3868 28262 39743 40365 42548 4204 10291 29890 38046 23949 48671 47336 8139 29088 9776 41714 13982 13792 26226 6881 19764 38096 13984 44543 15344 29583 33880 3146 30490 43649 47377 34035 18875 16421 38210 35886 35625 7954 8349 30780 37941 25114 28182 11520 20970 10015 42148 49826 40722 31978 5930 46744 3493 6333 25952 23337 25455 18903 16531 28593 28965 49675 44033 23059 31762 15513 45299 45104 1276 44441 21079 5737 15505 1547 34126 7117 32982 21159 9485 23093 13288 5811 7568 28089 2292 43908 35701 48727 47771 41358 16405 35783 26335 1416 40748 35454 23105 35401 15155 38451 16744 23159 26084 2207 12677 45415 6081 736 14724 9769 3474 28311 20020 1380 44691 37292 11947 33281 6468 11454 8084 20298 26486 16698 3888 9685 3645 31112 46188 37163 14344 36242 49229 9330 30494 16389 44091 24991 12352 35197 27711 2727 30744 24868 10600 25168 4000 44933 33673 16334 3858 17540 39060 15387 1195 39167 44887 20663 11531 25087 13045 38375 11878 46046 17044 23936 11346 1437 34189 49354 38743 28710 6579 49375 31400 48501 49395 18626 15843 23570 2339 35412 45727 42873 12099 39287 42339 21344 35313 33899 14602 10461 35000 45978 40978 39796 37327 14100 41602 9222 20631 20542 2522 194 2478 22876 29789 42205 4960 5282 35102 41380 24172 18969 11652 39761 13047 45094 49883 6174 11253 27986 49617 10551 39188 37910 9563 16324 16529 26017 40253 21230 6854 14554 23145 28493 26476 28186 13477 10640 10023 18871 15465 38600 42065 20784 29130 32292 16650 27727 35951 6717 33640 738 2543 18421 9156 9256 2467 5146 41278 9389 23123 43858 48232 12272 26418 5821 24147 40930 40915 18340 40923 8261 6271 18737 29138 46651 24097 11061 28049 45790 43179 44772 45051 49749 23484 25629 45053 41333 32868 12490 48652 11100 9463 29659 42498 25989 39240 42232 48328 12565 13236 15880 25986 8562 43835 34047 49018 29846 2208 38462 46648 14746 44591 35375 31748 37004 37551 38122 39396 27970 5290 30478 17181 3519 26478 1010 27768 10049 39832 37166 16362 20888 23701 21036 5553 23628 47177 19209 25362 4183 36910 23196 17254 26371 39551 10865 2200 28829 22211 28794 33966 36191 2875 26053 30845 27756 33284 30512 22307 4598 30591 32862 46323 19386 36539 31188 26338 25603 45557 158 37686 40951 28245 15998 12181 4821 17883 43702 14175 47517 2368 10359 33190 16250 9277 13156 10987 26728 14722 26969 9144 17766 10361 6702 4354 30425 12770 5954 24453 16227 36161 47523 11941 20531 38484 48312 34855 16874 24279 6843 32389 32815 682 10896 26353 1194 2020 15981 40862 27897 22745 5453 41982 8735 20774 42426 36283 40338 24989 39882 36933 34587 32704 32078 15287 32208 37845 40612 31479 5666 21491 13306 12805 48550 43785 30495 20568 21647 7122 2119 33751 39358 23770 12694 42427 42313 986 26642 37407 49303 16291 42168 23306 41676 19406 36094 26593 17394 49424 7061 11707 48128 22971 23274 5110 20503 24879 8180 38055 37976 16475 14752 2400 2859 45348 38543 32732 34039 48251 18947 23420 11704 31494 39212 48392 24941 44953 4908 27779 23729 42363 41978 10760 47191 37815 41691 14646 24459 39961 36615 18091 983 5498 4707 23179 33289 38974 19163 26014 2888 23751 11388 36601 32475 3604 28713 15792 38426 27232 15601 33409 31148 21941 32281 24678 45346 30116 14939 43408 48051 7560 4597 22999 34144 3391 30208 30642 29330 8792 5399 29567 12230 43506 4552 10180 24772 10737 20024 5728 19019 29467 5514 29791 4913 16783 28649 44312 42533 8845 8130 6770 37406 47605 9579 49002 29388 29185 35579 6598 45523 18009 39527 42177 4654 30576 42854 20169 36764 8525 1645 28345 44515 25481 7359 11498 42640 44292 42820 11562 27013 15631 14163 27247 13491 25043 3242 22868 34764 40123 9174 37236 32077 29612 49567 21264 25201 1386 26736 2994 11805 4852 33135 24373 9217 17380 45922 833 1059 18189 22479 43272 4963 20396 37257 48734 12407 16624 18438 2851 13254 36101 32875 31433 45014 7032 31735 45739 38896 7641 41275 1227 7323 22355 9221 877 45657 49271 37234 14408 9118 5324 11789 44633 10841 21561 19330 22052 13834 5423 18572 49191 34787 1322 44398 33428 33176 26655 13556 15424 42123 32248 49908 26268 5544 28964 21084 14090 20557 18740 19905 15410 35141 14714 22880 38248 3449 13066 20439 9424 37446 42300 21811 18864 21160 43612 24149 32721 49105 19537 1803 18742 5969 19544 33706 36825 45861 36926 1401 15165 14178 10923 43144 34609 10128 45209 46216 31273 20164 24659 47827 27473 48925 41229 10036 24051 20508 4136 31568 23552 38247 5241 4203 38177 40405 7636 3752 32824 10329 8964 23977 42604 29441 43531 3688 29755 46825 6532 5966 5043 45353 20901 36771 23646 28308 2549 7660 38425 32241 45793 25068 31572 6281 17128 45043 22788 34074 9437 21029 7346 32693 14329 37454 15453 1123 19074 48897 22437 10948 32452 7667 30785 477 46070 41212 33461 39966 19686 11484 43153 39702 30407 37415 44029 41033 44101 45584 16180 3625 7269 8996 18929 29968 46693 19354 42429 32669 47406 47870 4633 579 22341 30430 18265 39313 14980 29019 22784 41227 20686 46904 19515 13535 5262 31384 13779 12214 5054 7998 13157 19837 39289 20491 40146 14407 41384 11081 30109 14077 6349 11313 40827 1086 38902 24413 39655 32834 18227 20869 32064 20072 25653 37101 43794 22687 44149 38065 29161 2900 44990 32253 26981 5440 36893 18514 39591 13657 45077 29559 43270 20945 25568 43670 42853 37079 21674 27221 22214 12058 11935 39793 24658 43355 6088 44271 13256 36388 35244 5166 35110 12818 31560 37803 37202 3593 9399 6825 20520 5168 48548 31593 32251 22031 3161 24366 45234 46851 11132 23868 25352 35184 2643 24337 35691 2095 4240 44386 21016 20477 46384 14185 999 754 24905 6533 33146 16820 22931 22408 12882 11416 10938 8610 36025 45120 3860 17833 40929 33322 13730 16380 14952 995 22072 46493 30445 23154 38324 32122 2744 4700 44420 8438 26043 48533 46544 17868 12571 28054 2640 10836 36129 45362 45213 13512 10988 24988 46447 35671 368 15598 22151 21468 13428 468 48038 9147 12702 44648 30075 27480 27837 30280 41209 9847 11114 19165 25849 35148 7853 243 24693 26239 46856 24894 30006 20075 1128 24028 25120 13249 42137 40230 34690 43840 33776 14290 11545 9658 4404 36634 19884 4925 18016 43000 10861 8875 13771 28439 38527 42841 2113 20053 41146 28518 31987 15862 25107 1072 7315 2854 344 36482 12631 42071 38389 18353 28235 18349 12732 9344 49665 49848 1624 42862 2677 25628 3737 38736 35692 28273 27286 41042 42191 29249 28070 43930 47903 47245 31480 25101 17133 14748 10288 37210 12980 13882 13543 10616 608 6761 34106 24257 28535 28682 43313 15606 655 25096 43776 49942 13443 48618 9254 3087 33095 27679 46365 14339 9218 25381 42715 25112 32797 8240 38331 3341 25293 10588 39963 32667 5585 39649 12773 13970 31733 6114 26732 35615 33800 17709 26132 8181 26959 14989 28130 49134 18022 45896 24252 10057 17397 4629 7096 47854 40700 8041 19065 15810 18496 37071 29918 30077 24212 25121 37015 26304 33348 8734 32214 45592 5590 36725 34930 19601 6804 25054 28170 34442 48871 31062 22609 26828 1958 32235 37556 4759 13976 49489 13014 9110 31414 6141 32257 38139 39294 13957 47512 17082 601 15504 35517 43210 16548 6519 30515 44749 44458 45881 23673 4997 45563 27827 19153 46438 39274 1781 3947 49830 9850 14368 20715 5895 8136 47615 16676 33992 17968 13709 65 40357 21335 19238 39074 14561 16479 14685 14917 25875 10956 46511 9499 7233 22215 25940 32909 9718 13900 41515 16778 43629 46767 43279 33542 45704 17821 18574 37736 36381 36121 3245 407 43582 15549 30985 26755 30103 37929 16814 41708 48112 24043 16656 30640 16830 11445 44041 5526 3374 13316 31248 34416 29223 15123 31879 36957 14935 18634 20196 39001 43712 44433 27759 9486 33256 20925 35654 10567 17139 41958 41054 18252 11307 19104 34148 1944 3103 38107 18949 24278 43319 38057 32989 44457 31389 23830 36872 37203 10375 38460 4615 35449 34579 38818 15714 17086 4643 5205 13257 13068 19015 34480 19611 32030 23648 29082 40307 16472 42113 17057 16478 49513 20229 36995 14614 8951 15290 33267 10882 43404 9971 16546 32286 28714 31975 31274 6485 14487 45871 37450 4709 40101 24819 25500 44001 15870 19591 22893 43337 32245 4346 1653 10599 3640 17661 33406 29046 25128 8267 35608 48509 21789 45393 30289 9479 2827 6647 8246 43877 40296 30204 38873 6556 10142 5317 23775 13486 24773 25335 46920 11263 15450 386 22708 3591 48565 41611 44100 20818 46752 11903 35228 24397 19123 39108 26989 32897 15687 48876 12925 14240 16443 1662 12949 28592 48850 29034 17393 38136 49433 37992 46032 18787 26659 5793 10521 22949 28207 31522 24863 18150 39044 23248 1538 14170 28656 9318 16922 30543 18106 19660 14386 48042 20948 12501 38310 48549 39227 11857 49253 7176 9146 36570 5383 6291 10085 24752 21891 24800 3911 18474 5068 20924 29325 6463 44098 10339 37537 12054 32020 46828 35529 5596 32377 12895 43037 18550 39269 33352 18123 1740 38716 19844 43036 24951 398 10982 41218 12429 39424 20589 1176 17987 14883 6427 9429 5418 29087 46874 19196 3603 44712 39803 11377 37134 46695 26961 38582 41750 6782 48423 26960 46025 34066 22104 3001 5431 44315 13090 13677 14809 22524 1805 14879 21274 41476 16285 17772 46625 11718 20830 15582 44269 45475 39166 23378 33792 32303 22701 16265 25516 26405 48355 48815 4652 38402 523 11749 18059 10485 13973 25943 9701 31623 34775 20852 45674 21819 32685 46075 25198 36791 11381 3478 8870 49159 31728 6296 31031 40591 21121 26263 3829 49284 38956 30955 38794 595 21718 47096 16222 38002 9884 46787 38874 6777 7424 25325 10412 36108 36528 7038 6939 43658 19053 45614 39670 1256 21554 24535 23787 21970 34794 28259 29158 40961 19673 41324 18044 755 36380 37771 24167 44172 12867 46444 28683 4398 15541 1722 40396 47702 27011 13182 11426 7974 19664 7020 18696 4419 43741 11194 3427 40137 6571 31808 16118 1477 42346 9234 44841 9616 2030 43305 38574 48939 21080 26757 1024 38254 27968 28045 285 20905 15463 44204 48411 33805 25717 21068 14289 18264 39628 42925 35109 11039 40800 11600 25155 34562 39576 48570 42592 46175 31446 13536 13580 31604 17400 34146 44834 19259 5475 41552 9456 26441 26795 47656 29248 7918 45860 8903 23265 11384 37064 38427 35596 22943 11156 40083 42194 26192 41543 11292 7979 37576 26499 41130 8179 14726 45511 38263 13376 26639 2818 29671 44348 22891 21542 17777 45157 8339 19858 49759 18616 38949 44830 36375 20340 27520 3563 36946 38148 17319 37468 7450 42117 42365 45439 25526 20798 20158 17923 22659 3409 4611 21579 30987 44220 26042 34190 14056 34963 20882 7058 2129 24244 19126 41665 33949 22281 29940 40105 44758 31329 17539 8085 29577 34946 6490 13774 9304 39471 13815 35175 4516 18344 30026 21206 29700 42676 39364 16683 22137 24342 5583 28514 12817 10966 44387 45180 40776 4439 49277 21606 32664 7161 36681 4209 8071 33445 44059 21030 32434 25811 24849 36717 12173 15671 5775 19146 38127 38785 30060 32062 4359 23136 39157 13449 46623 23143 42249 22418 22786 19610 49548 20338 42085 37000 27982 19726 9596 7483 49559 29387 7955 11982 7029 48281 25778 22579 25093 3783 16921 7843 49368 48289 38281 2059 32734 10460 12853 28608 14108 48764 28959 25761 4427 19743 38468 27207 24 4268 2599 24646 6314 16978 34177 9797 37666 25804 5788 36024 5148 40641 17595 21981 29837 11780 33397 9602 10838 45655 31543 30758 6622 47686 19632 20430 20558 35564 43662 45418 25443 46118 17021 4622 4864 23644 15250 41504 13749 35384 31350 36541 3601 41136 40085 18020 41527 17012 48393 47668 32532 3451 37132 45143 39170 13137 29221 4531 38820 11411 43095 38619 28265 36704 22458 48736 46328 29864 39881 17642 40012 5280 25264 19648 24611 36262 21679 14423 38362 49212 34564 43092 25265 25809 3687 45498 35486 22486 2908 40293 628 30386 30169 36913 30940 41430 26041 32316 31564 41921 49076 29782 28036 22419 21557 21333 37489 44133 47304 40749 7398 22494 28624 27582 31747 36125 48772 3045 21958 9625 10975 16411 13960 46921 41145 4893 32840 9513 20802 39663 22758 9914 18258 18048 19979 45026 48886 27095 11554 1347 23184 23534 15803 26466 4376 7545 3388 42570 47343 24579 27181 34561 17072 13214 15972 29889 20263 46311 48005 48009 17123 39320 3981 42695 25106 26439 47692 22071 35359 280 34807 16345 3816 37390 30053 35040 37812 27208 44132 6648 36814 10790 43913 49522 41626 23689 33564 27435 46174 11729 49086 4236 20824 31124 7129 25815 10712 44594 41351 13962 32918 34857 17665 47289 45811 39411 7826 47369 3268 234 7465 13489 27209 6911 27167 24607 42444 33261 2240 21934 34753 15632 31577 25074 20335 26087 6497 33848 24487 11321 45561 40958 36576 1030 5698 5633 25703 48335 808 48508 21666 48388 16916 17455 33430 26230 8521 7162 38411 3093 45013 49667 30740 20786 33648 6873 21040 42880 46536 30718 1690 2841 28127 21556 3627 22866 45496 14697 22235 9326 2285 27196 14868 8678 40092 46773 12487 48688 15434 45989 36604 25020 42044 35974 38645 37066 35882 19457 28992 13690 34322 39717 47756 30030 31697 35351 43050 27880 32630 21739 30895 3258 3696 17152 7702 40275 10331 26032 46432 30217 5909 29778 7321 30147 8293 9983 23470 24004 27272 38738 20311 43151 36460 32526 27561 6559 47644 44032 38162 3181 46399 17971 1187 7384 37671 17327 44106 36759 13663 22159 18301 13168 18356 7195 35506 8750 27742 2575 11266 13510 10606 383 41315 20345 2672 20747 49029 17656 35818 20323 33427 13285 851 40718 12842 21368 39457 24642 35246 37607 1947 2946 31768 32682 46398 25388 21667 1092 48415 44192 31484 33350 7217 26269 19775 11568 33470 10970 23531 34287 44540 28773 10491 5394 5230 27051 25686 6799 11011 37729 27757 14886 2712 42658 43613 40224 2958 44718 29666 21697 45548 20299 26374 47569 22232 18487 32988 46411 47157 28074 3028 15244 25199 23777 30567 24738 43141 45487 1964 17289 16130 37734 19600 30844 33239 15078 12017 45333 37822 23612 590 8547 47453 47311 34497 26106 24334 35113 22781 18745 40708 4146 4502 19644 25253 16983 3120 7669 20577 31743 17529 36898 43182 42018 15550 40622 13824 34947 19337 22679 42368 47495 30254 1875 34700 30215 44199 4265 45689 7225 46694 20321 22220 2435 28412 908 11191 28834 13694 5003 9869 22724 4802 21117 44247 37423 41598 6182 39711 31168 15210 5687 10498 26940 37276 12919 26994 31844 5789 23111 6162 41304 25601 10775 46683 12537 24217 25697 21825 1735 17325 34912 39829 33697 40185 43410 46532 36642 37434 9443 32217 47540 13793 42660 27784 13619 3652 22289 42234 28560 22391 26912 19235 7143 33189 32698 29876 36276 47047 15969 11852 13271 4705 15423 18332 40840 20098 4310 46136 38718 731 36326 39369 46362 35033 3589 48391 31776 41064 16391 42657 6908 11989 23013 788 33506 43946 38653 36000 4345 24127 19308 22183 42056 36563 12779 46275 34414 37335 46791 20805 29473 23782 1586 33067 32602 8335 23469 14568 3830 28223 47136 36244 21213 6738 22527 27715 3078 46723 28189 42103 6904 42486 4642 10228 11452 6205 18721 48694 41716 12638 45725 15752 48450 6664 6552 22583 34507 47016 25408 12931 10729 12252 40874 12845 43728 10522 42829 29509 25642 49291 30535 34291 32658 49449 12683 3285 8606 24851 49423 40443 16657 47604 47447 16763 26769 25355 43614 37558 7897 14903 28533 39301 38238 43304 36692 34428 35870 21093 45421 1869 46794 49356 31911 49345 8679 18279 23914 2180 48708 46685 23239 42369 6508 589 44167 23285 10073 9329 48184 12820 47061 19459 35341 45504 17137 3953 41529 40347 39987 2265 32201 16502 42521 40854 20120 2889 8150 41191 36365 32056 42966 7576 44366 1840 44125 26855 9703 40436 6025 40289 24704 31026 47338 23047 40790 25950 29098 24883 21649 31451 48326 35185 2024 29588 8823 37023 12837 20058 30639 35326 25585 47105 42411 39290 34457 20999 19487 48743 30455 25664 38511 22149 41015 24171 33994 30327 4231 43849 15072 12273 47122 587 38164 22115 20240 29710 19504 23457 25173 275 5405 16516 23839 7065 11155 21456 18062 26071 14402 14574 16817 31643 40786 18763 36147 29992 16286 8516 20758 16142 16756 7464 6130 25589 38309 33661 42958 38488 13176 30737 33398 36274 39184 32028 13351 1606 3206 34183 14461 12330 48543 24686 44223 23635 3709 14811 17860 37696 16330 18566 8567 12516 34846 8352 3135 18628 24616 20996 1111 46593 5535 10614 33713 29678 18199 36752 38369 49287 3690 45424 36364 15502 44278 184 10843 45640 19580 46833 732 3094 3209 11101 7059 40625 7425 44010 13183 40857 38973 11873 32472 23538 44148 28575 38889 6426 10929 783 2883 48433 9537 25332 21711 44042 35868 4953 36040 32356 22798 2741 3553 45313 17255 33718 32081 4876 29983 916 25960 9373 18513 41056 41776 15478 9936 23547 40419 37916 13979 30159 31719 30834 5848 39463 37159 20833 39799 7377 11938 8161 25846 4578 49579 8048 35657 23705 32528 39741 20578 32618 7534 49771 34916 30300 45815 43514 48547 38392 20679 635 11571 33868 39079 17832 13904 1043 23919 31203 21151 26180 8284 7344 14005 33443 30101 37619 42900 48751 11731 19110 32830 28920 3026 30808 2036 7493 4823 47529 12169 29585 41537 20188 3986 40987 17992 33830 26825 38520 7219 48514 5905 26079 41068 19995 32091 48521 3836 1091 5446 19416 9148 1102 25561 23437 9527 4941 10074 11352 43278 22105 31301 48056 17527 4276 26929 40480 13520 4143 25536 21303 13289 27256 39368 32796 31187 28438 34693 32917 40778 7804 17990 6057 10563 5991 39055 8713 27641 44755 42399 12823 47348 38826 21254 10324 46870 42922 36497 12552 34080 39105 13742 18989 21257 21490 46579 27027 1949 44811 48784 37838 39102 17061 12206 2060 43982 41299 45365 40767 5239 17494 5293 30971 37718 4801 14025 18222 11514 34951 11508 2152 19369 11861 27607 7189 15147 38477 30055 9476 43533 47479 15494 43845 20187 35794 23114 4790 41720 16435 4362 39406 29751 32597 739 14632 31708 30181 35644 4558 27683 1101 42740 36321 4103 39994 40984 49925 24892 14543 48621 18254 7310 19269 21000 43895 31351 25152 10306 47803 37714 30227 22118 39633 9395 37828 43722 49273 36079 35996 24363 9773 30360 35499 30579 48097 8143 22771 28011 30511 6959 22084 25820 46943 32325 20201 305 37323 19260 33039 18387 47159 15673 1848 2320 42920 16339 14708 32633 35863 25429 7084 30540 693 17746 25747 4975 10702 22556 33017 9145 49695 37325 12503 18953 21773 32361 39134 27980 12529 25640 1297 24637 1377 26149 531 13907 45748 5174 42813 48983 47865 5258 7240 26234 40164 2483 44955 49108 28122 18002 34244 16090 29862 17489 27120 26560 8643 34446 5999 3294 5611 1418 29070 18081 23556 16018 6069 10342 14671 9878 23097 5049 26231 49045 31096 37439 11579 30559 4105 18224 45751 19253 16319 5256 34104 40886 21246 47859 17454 24907 21406 7787 25647 10631 42950 38495 23407 170 45955 35641 20119 44503 43320 26611 36050 31058 17024 42490 8002 46889 18603 6750 33585 23150 7695 18337 48667 11467 4108 48911 29787 46534 1750 23321 31672 11105 39214 17960 49560 22048 7622 48314 42576 14121 30081 26469 38437 25975 44732 39921 12357 26832 6082 26184 35253 11823 29565 24585 30610 38594 16586 38752 45373 8885 19435 44296 12036 5098 31592 49622 19774 42256 1607 36760 35084 42245 676 5649 39636 39530 10674 39889 37986 33487 16465 1515 8375 36871 11217 38347 16835 11151 2931 14680 36301 45576 43059 2334 19530 13624 42842 22045 10075 35391 9071 15172 18829 43927 27398 29149 8789 16882 19640 49679 23963 46036 1009 41252 16875 3153 44673 20762 37585 17773 1183 14168 5078 22752 22011 20280 49429 3931 26346 44025 42398 37214 43627 13321 44908 36769 21828 719 25163 22555 43623 15788 49832 18096 37582 14335 42139 17855 2581 44928 14075 44797 869 43142 33796 25832 18971 6448 33803 6560 21536 48555 34117 9518 17502 26632 14112 46224 11210 14356 12715 6375 6362 31116 2820 27292 7082 41933 28618 7681 35169 3492 14151 3743 12024 1838 1981 15947 27299 18455 24928 13395 32653 21658 45913 4747 48140 30650 47473 11137 48019 3021 38345 19373 25784 41421 12603 7985 30240 36442 6993 3788 23671 32318 30022 15022 46133 9997 42699 12536 10998 47214 30133 34170 21709 45378 18457 35013 4620 15824 7769 9842 31772 29861 47852 34850 3380 31354 41651 103 32071 21147 34908 48898 5134 43893 680 43554 13382 19216 41162 26390 8025 21752 38734 48493 49787 35186 20144 41157 16089 20307 43046 13344 31141 32935 44034 37742 28561 15329 36260 39766 26691 34188 23758 16264 40376 7413 44490 5981 1424 19430 27531 43469 43551 25115 7380 24290 37303 48002 49085 43888 4583 39928 2814 46417 10652 37621 3887 30105 28013 24749 47405 4271 11291 36730 19185 48225 2781 1379 28381 29903 12756 17913 3353 23019 4254 46343 32901 20353 47580 28374 20796 37687 11030 11138 5183 32877 18476 19512 26284 23142 7502 19217 15312 15322 40367 15008 21103 23950 40734 43632 36903 21054 9266 6514 33233 21973 23835 48527 21947 36786 47366 9057 48741 9942 19634 18191 11985 25191 36694 3551 36447 4631 22882 25566 6325 26766 13855 29493 17384 36915 41197 40647 32227 2689 42889 6651 2713 10169 46204 41621 36320 28841 19008 24923 38385 24594 37975 15971 46182 30452 14784 49007 4371 39437 35723 34731 1004 27301 34644 38640 21521 2974 42190 1465 2569 39126 31005 31323 19787 42043 16004 49205 42171 49811 24298 25678 43269 35086 40995 17039 23267 39893 40464 46777 598 49358 33462 13769 38351 15433 49590 17445 10388 41725 33214 7235 14867 30537 23505 46158 41955 38927 25800 191 34033 30388 8433 42538 43008 14404 49000 33424 1509 8526 3916 21563 14871 22859 48165 31671 11826 27228 1826 4976 9622 41397 48529 26210 36853 15805 5364 43566 11569 15027 16827 43841 29358 41845 25612 7994 27726 30210 1429 18282 24795 7627 22877 31379 21957 6290 17104 2008 2220 29099 27278 36013 108 23890 23482 27601 48410 40478 30562 13748 831 39600 21415 7708 30975 372 15619 38994 7692 15402 23832 30784 9618 25376 3548 24578 19326 46042 29850 40280 34120 959 13722 15616 13574 34623 18678 22614 19167 48827 17331 8520 1508 20122 48295 48862 38918 14164 43547 29072 23571 43925 7021 41910 46611 20618 36336 33122 24474 4418 31658 15195 26792 3049 33892 36690 48718 12650 6376 32289 6229 18043 15622 27197 9874 34887 34950 28874 11087 41495 44462 2530 25930 41090 15071 48977 25525 44639 32458 39209 23127 40474 35309 32855 26265 22046 34206 10625 19506 24644 25255 16980 38288 19876 44845 6017 7300 16207 1938 21367 26830 19697 2894 17449 26432 42902 35224 18036 25354 23342 37476 13655 25881 34333 16332 43017 28448 16200 40920 34777 11800 42716 42471 41950 36728 23634 27917 42026 16842 30239 30803 26518 40471 6109 43366 34897 12559 44426 18577 26027 32162 39113 1046 15313 20172 37445 9418 4541 32804 13439 5217 2634 49012 18341 23402 23314 33537 9742 19191 40695 17490 20823 12643 4689 13645 37690 36815 9184 1512 7688 43381 593 22716 13806 3306 8466 36661 17463 28566 17752 26596 22083 4364 6359 28840 23600 34083 22362 46377 36812 16934 20974 1421 5106 44744 2737 13950 40441 49816 3248 14409 12065 2393 40615 22081 47007 23071 22468 21627 41669 39018 18565 32408 43126 41395 26740 37044 3265 14261 7735 17409 12685 17351 36166 5610 4247 11957 32777 330 3897 1614 10655 11855 18284 34714 27597 7776 25331 18125 47273 15657 24553 12371 25221 4199 24162 17979 41392 30311 30517 49478 45677 25810 45507 27686 49657 22285 29413 10367 23442 11753 34993 19374 9327 4263 38 13548 7273 5337 18570 47071 16078 37247 34735 31207 22683 9889 6416 29247 20529 30732 47680 20574 31866 27204 9781 12937 47029 46707 10469 10531 7788 11962 23311 795 1998 44256 9693 39852 40001 4527 40707 665 43106 16970 33466 30315 20611 12247 40213 3013 29926 18214 9857 39869 45887 4677 34682 6936 40040 28862 15527 16535 5794 18677 46391 20009 21427 47551 48768 7868 29168 931 24718 46797 27543 21514 25776 5985 37187 37395 23586 34341 27910 30525 4402 36278 23447 30189 35392 3706 13837 31873 2213 21613 47962 27791 47708 3751 9600 23180 43386 29229 17294 37836 17703 28173 37954 39812 2062 6690 33612 6920 35915 11829 5812 36468 19524 28515 28997 49534 4095 49678 43555 25766 20043 32080 16267 31349 17789 14160 10602 1654 22002 36608 2461 33562 32250 6518 44552 5191 27171 26016 1900 20889 49355 8449 1580 15034 33471 27738 13886 37350 24563 26551 5883 13440 27068 23954 14856 44971 47487 16865 5398 44573 34938 41174 12179 16760 34641 31857 11368 47033 3154 2947 26200 23941 42587 19460 28121 12287 22839 14802 32433 15332 31211 7892 16031 20455 18699 28529 42116 25799 21320 24561 11931 1089 14422 36409 29738 41636 2098 2430 36953 45627 31270 47488 37356 10603 36413 21951 49359 48726 39276 44344 48497 23804 24842 44251 36401 6445 41806 24316 27413 48139 40889 22870 44817 17949 47138 44469 46807 7969 28372 11972 28972 2137 20483 22310 18849 38855 6574 32309 8814 2614 31209 27725 10844 678 35103 44414 16115 40061 17846 23201 42648 12972 12322 47106 23630 12789 21332 37046 11698 21120 26609 21330 27323 23485 44601 11285 30814 41923 45309 37673 17302 25027 33912 16438 35299 4750 29972 30923 43826 3126 17366 18218 11147 17265 19159 20602 9768 43991 38006 32075 8344 20607 37383 16968 2038 11527 34527 2308 16557 8688 12707 1770 21861 28393 6138 32108 37784 21925 39351 20178 28319 33508 15897 11557 47277 23585 40787 49393 27461 8301 27057 41992 37145 29420 43967 49239 4985 44022 17571 14591 49448 47700 35007 3356 28359 25823 47864 44770 18766 24099 40709 25190 45055 11859 26137 24548 18784 13538 34920 3024 49476 30180 41302 4465 12839 27823 41832 8386 7709 24340 37528 44184 1355 15901 27744 13719 16005 10991 47132 49766 20025 16340 483 26039 18725 602 29137 5929 21788 34785 23053 3825 40740 15497 6836 34419 26923 12308 15560 45181 5652 25346 33560 15773 24755 46592 12788 29411 9393 18289 31773 38228 43597 17822 18771 32066 43471 46420 8841 37328 37629 16793 5781 17379 42531 6906 49566 1447 1676 49881 9607 6958 16821 25160 2495 25535 9183 42235 34619 7237 11897 46350 46258 38784 20221 49396 42727 2487 12612 25750 47825 40692 205 15198 44314 48237 31305 11744 47579 40035 626 31056 21716 18420 24443 40366 22000 15067 9785 34489 10902 18090 24441 37118 724 8226 3655 5891 30698 19809 48059 44583 34030 28925 20637 41285 20206 9299 33995 31117 18192 20780 925 28712 49632 26040 39577 48376 49364 26526 10190 29437 22343 8424 29798 46609 34781 34054 3828 7090 10019 9251 36623 2189 19058 49047 31843 22719 9150 31827 27477 3350 9967 4881 19842 15715 6300 21142 19795 27610 40152 35809 19782 32555 21455 43851 27620 42325 47597 31944 47977 4605 8459 14219 26810 28133 25630 42552 22996 35469 16468 28545 32180 11299 47949 48541 27978 8118 28613 31569 33373 34840 6243 29607 29959 15211 14222 10188 35990 16805 3099 30216 22699 22423 46302 9281 35374 16013 42601 2683 37559 24061 30507 30286 7758 48594 11104 36376 40598 21870 2309 5017 36952 4426 9135 24022 20708 1470 13836 22989 747 31362 26448 24191 41700 23968 38186 23034 29452 8609 14819 31980 24186 25099 29768 26928 26157 48732 48327 13164 28635 1797 43077 25613 14020 10978 8396 25186 44891 49042 17655 7901 23208 9708 7211 29061 33465 17946 43541 48018 32117 28623 10120 4212 26220 38149 5685 25762 8918 7572 30892 46014 6344 1051 35080 43075 16270 40918 5371 30104 23363 9160 44877 10002 21011 32279 24577 20838 26403 27588 37192 31284 13785 5783 4682 2347 4092 44899 31118 1449 27596 27893 48512 34353 32792 45668 28138 7865 13240 15878 23452 32381 25137 1265 37893 47937 10315 16002 1950 19603 19243 16378 24956 49250 20516 46270 22779 6143 302 47732 34981 39442 6922 44708 29129 10892 3257 37491 30115 15653 49792 38217 35493 39797 46229 2317 23578 15104 25511 32490 31718 14606 7339 17569 48538 35276 30652 46562 37090 33311 45109 636 19101 41600 46414 6027 40249 24214 49252 10040 21799 32613 7693 14469 18729 35768 35402 48283 30583 22102 6219 34990 16403 42843 35271 38430 24522 31976 49128 43912 12458 7873 1441 48164 43769 47729 15004 25590 6274 5196 9860 43711 19264 284 14238 10383 22020 7946 47426 33494 31279 16738 13587 11304 27835 45024 45219 12199 20727 29464 29028 5733 15364 26852 27557 24519 46526 20725 47038 4676 35427 19476 47232 41427 28928 13539 45515 13226 4122 41327 36209 33975 6353 35843 44461 27846 3132 39578 37059 29389 40189 19885 16888 6460 7604 14390 18007 36574 6883 6041 39675 2984 15000 12317 24733 3373 43379 40352 18363 25103 9252 21790 35745 46044 2332 16917 33141 45223 39783 16490 38755 48368 38033 12342 22611 46205 13936 33722 28922 22532 36584 42414 9890 30167 49265 42892 2172 43605 36004 23169 43644 3422 44147 8732 47932 45451 44109 14657 33296 42238 37010 45409 17564 30977 31953 21473 12821 34444 13375 21632 32999 17820 49462 25140 19785 44238 6869 44253 16016 47914 46382 14703 8752 26640 5582 27223 2015 48452 11495 12908 29079 9196 7183 49245 18085 449 17586 2266 5294 49790 16550 22177 22678 26988 35283 16122 31017 26186 1478 4431 19187 13352 47575 21732 9391 15973 29443 29401 47829 29759 42496 6022 7598 5779 25019 39091 23351 32494 11414 156 35883 24754 31553 35918 14211 21942 26731 6178 29365 25870 17651 31151 5868 39149 36944 45470 21155 2564 11257 3280 38072 44483 28276 33349 5564 3339 7363 14322 8288 8722 5494 23423 46164 9865 19316 36854 46176 48928 21087 15626 26446 36509 36069 47027 18220 47167 40145 46980 17608 30065 43336 2346 35135 23474 35010 43167 13329 12784 26917 37613 37552 10732 45882 13432 20208 25249 40819 30418 24770 1301 42463 39653 24113 11227 30662 31905 48573 42700 28811 44478 3220 10366 41883 6723 7378 26340 1737 5646 45729 13086 45638 16272 25732 6146 3914 37014 31194 17849 11344 13424 18010 44435 25921 41389 44156 33318 20146 12918 18869 25457 2233 46368 232 36323 28065 23448 16728 12239 40691 16752 16070 41240 28660 7653 18716 46029 21792 15787 44094 45303 7835 22706 41881 49272 26681 14600 23109 1268 39333 47762 37575 19246 19583 504 23589 49737 44498 35487 16353 33162 17337 8984 33592 27511 49850 11045 34709 46169 33561 25442 47694 44952 16610 15567 15057 31818 34346 41834 36818 10401 12405 43969 19199 32675 34574 10172 21146 40425 28822 12797 3217 31434 13737 10209 26834 7069 32616 5225 42450 42274 6105 30363 29020 20102 14911 18806 34262 13468 44779 23874 17885 31231 2238 34718 21764 20355 31775 35560 39778 5499 5862 14298 38353 8436 19189 36349 31206 5208 49446 23280 32206 31928 19311 24554 41909 28003 47081 23073 48585 33845 49332 23587 38176 12031 44874 34015 11275 8236 7485 48738 6390 12415 10351 18846 5265 14702 47181 16515 4008 30910 38178 19803 16858 48055 28287 45830 8327 42031 19966 28423 27220 48661 5005 41900 20791 21292 21837 26984 21175 38765 4164 28737 33265 16147 2629 30832 28413 22261 18727 45905 25245 5782 4648 33185 21106 23841 1413 27343 20899 49843 4877 6787 34909 20870 11125 22750 6452 11154 19891 32005 19195 39874 43284 33638 41047 45934 9606 4225 13262 26348 26085 38099 46066 7649 45289 27092 39543 3452 39502 21992 26658 32390 7070 25947 29504 47774 43914 7991 22572 29508 18911 14330 7468 7790 4421 9800 36582 47599 44606 248 48213 48148 22535 7773 6003 41519 13196 7238 4442 32716 34050 43138 2962 4647 31202 17245 16686 48568 16219 45541 26902 13964 1956 19680 46553 27338 25867 47344 43779 39003 27709 10255 27432 14130 17596 16770 12858 8064 48769 49151 20012 29445 18580 1119 17577 6856 39125 39334 46145 37017 21661 25956 32204 33556 16587 46336 49880 8798 6762 19937 13865 4114 40629 24945 34255 37229 24319 40757 27465 9638 44263 25994 4738 15154 33480 37037 930 8781 47248 21129 27939 25084 39020 28107 42397 776 24606 1904 3420 41997 31232 17711 35804 18345 10598 18298 36900 21412 28905 12361 8943 23622 9624 23158 48853 24103 4163 33015 1771 21179 39363 29621 31804 8618 3035 49238 43645 24652 42247 21755 8873 43016 8394 10958 35417 35219 14690 13259 9368 35993 18319 44655 40765 26768 38934 49501 31654 43429 24552 3165 37735 49367 13784 47410 30164 34911 23663 37675 29501 14429 46869 32171 1914 34113 26860 46591 25919 11924 15975 38518 24327 21291 19676 10133 49087 21646 31609 26376 47918 44609 23182 20930 1281 46295 35575 29442 3384 36833 29461 32007 820 2642 24419 5664 24000 32223 5956 42931 6322 44131 3793 16225 3151 1468 18323 42462 32034 18995 14840 31358 3761 9960 34744 31803 3956 47801 10391 20452 33991 10767 4624 49930 10405 12915 12416 20026 40906 36235 30036 28780 23961 15846 49484 33739 41959 23246 12260 30735 42458 18886 40605 23744 3638 3700 33716 8003 43798 29541 14468 36590 28544 3219 30528 27411 38723 27771 856 10000 29213 35539 27182 6249 4993 48879 10360 18939 14102 35817 23199 5468 41030 14262 9022 45833 13172 42559 6584 28410 21950 29714 43377 19773 12450 36342 34889 34037 29025 41155 1780 4107 41245 35243 18273 10488 24536 19870 22395 39187 18385 33035 24835 42584 36065 42041 46027 25239 22924 36485 15716 39215 29295 16551 44586 17205 33567 13794 24818 1209 20207 22207 21582 48809 22342 44196 18506 44291 8047 14046 12268 22095 758 21959 37737 8953 27351 27876 33598 45936 40519 21848 43869 245 46455 23168 19692 22198 44826 41646 7937 44244 31256 48763 13307 48704 27661 32981 29879 41099 14599 42422 42578 28252 20165 48929 34413 37211 15857 23582 527 32495 49684 16718 25486 1530 41758 16211 47298 38439 185 315 28020 30492 13459 26182 39541 14392 17035 30756 30681 35686 23049 39147 38053 24206 48298 3495 39689 42499 26056 28727 30000 7765 38066 20800 41878 40407 46711 22026 24080 41663 2997 15593 48689 15926 41456 34409 35421 43458 4494 32352 13612 24240 8836 49417 1864 1925 38081 13531 45884 40941 2550 4401 15976 49659 45240 27820 29494 22038 14969 16671 24280 43448 5313 24426 28006 42956 12197 10672 3334 25142 41190 37891 40871 28891 12766 465 19379 17227 10634 40051 21784 8865 33571 6858 48158 10203 3119 42591 49710 46903 37529 24896 32213 29724 49261 46947 562 32489 9157 22010 27622 32376 33363 44096 38097 1366 26324 37119 15372 42794 17225 13102 7228 27265 15826 5559 47125 18503 30350 11607 19280 15363 49609 22470 12102 16668 25841 38479 42887 12270 35241 12554 17328 13879 26437 7618 31485 38705 2243 16173 36565 267 44284 13044 40595 3118 38838 13046 44613 2444 7306 11187 15663 5668 2645 43088 20521 1673 36797 15526 41330 1296 17233 15176 14064 40363 47450 4955 21727 49686 6871 16474 28399 3567 34542 44466 30171 18320 15001 29904 34043 38884 36629 15876 39213 21162 30615 22059 28082 4764 23576 625 6248 2314 35786 48000 23859 27720 6077 35720 49915 26606 44833 24152 15989 19007 46357 10719 47969 31904 26556 4187 12205 34834 28191 26964 36264 49206 13012 32588 23627 35796 20457 39584 30842 36498 7696 15255 36962 16276 475 40837 34863 32979 44520 31657 30801 43771 29534 16049 2201 9052 48133 31402 23161 25819 12768 27585 27694 35642 33712 34605 3507 48272 13378 22456 20049 34522 28200 45492 39163 47469 3291 29404 48070 38679 5416 41777 31427 24870 4518 15609 47547 10999 20959 26600 25876 49641 3249 20693 28600 33660 10103 1348 28188 27050 44699 26004 24344 46574 15377 15745 47549 14278 27162 20874 11397 2770 21938 20303 3795 9804 16473 34618 24798 17107 29270 49420 26082 40243 19771 4755 8336 42745 45820 25803 31285 21594 42897 3169 34540 23415 2232 13929 34007 35935 15777 26315 8763 14542 32820 39254 1038 12838 42703 32534 20990 48189 33286 24263 177 10621 31742 28128 47812 3317 49562 14532 39042 8518 49824 8622 15730 16025 9882 28973 38955 23125 38922 1083 21161 22991 10208 21533 7597 49723 46849 29160 32887 27076 48796 18243 43169 22064 19404 14765 3358 35466 4066 4853 803 18698 43221 24125 16559 26493 28827 8427 36117 14380 4771 24136 6581 19360 16140 16344 43720 36343 17109 14134 46013 6411 14947 35060 7617 35811 27000 16899 41111 48072 27056 11844 11936 26026 6621 36002 34258 13454 18666 44563 25657 46395 20304 1175 35270 37007 8178 17438 2401 33840 34853 23237 43213 49421 35795 44740 21309 7373 36334 45044 23620 9192 39983 937 9306 35329 21031 13362 30911 10619 35848 36185 33650 19315 4180 15393 12079 11341 34788 18780 25871 13869 4935 20971 43867 12430 44820 28447 3941 32237 28530 41988 622 5308 11417 1765 9274 34401 28818 13797 7536 45443 1254 15705 28817 43891 33768 7778 7060 25387 37615 2692 22926 10170 24202 41445 19382 1334 12507 5283 3426 16932 49795 32191 20375 43635 5910 45598 41139 17702 35695 46576 36997 33913 32848 34880 26738 16001 9720 44751 17483 19631 18579 10979 859 2944 10335 19428 40473 8268 20347 45324 38119 1705 23992 18624 42114 37830 14926 34673 352 46860 7802 13812 21287 33609 13906 25321 16123 43079 5616 7551 21592 6899 8384 20370 16854 1245 39775 41223 49519 34147 46318 5916 29551 16317 31316 23051 22760 3229 27284 41673 653 29132 8686 16741 10696 26525 6429 24270 6227 48336 35144 45453 31517 7241 5378 39817 32701 20962 45262 2556 8737 28931 30095 13802 28119 8428 14648 30168 6348 49334 15130 32220 43100 24603 12423 39730 1494 30510 2099 3141 19069 30080 14306 23882 2785 14074 8492 17387 42262 2408 30881 34800 38125 4447 39076 47532 46475 2057 42529 35726 46689 26894 1427 37630 19241 15475 25444 17135 42944 40804 610 49944 49943 28323 10764 24409 40238 49121 26762 18493 25374 17764 19535 31432 25774 42089 44209 39751 30429 49619 48239 48264 13354 27892 41734 45853 29818 10248 31640 20763 16572 38206 46194 2480 24165 28064 19004 14166 15115 31538 26120 25978 26386 45329 537 25025 11353 48854 29553 49712 36003 26662 43449 4573 10969 22646 38132 49013 36819 12793 42942 21704 14474 20401 38051 43503 34940 39632 44894 23370 14613 34276 8464 7426 24647 554 7400 42494 32252 33182 10859 41356 39589 30097 

Componente 4 (tamanho: 3125)
Vertices: 0 27702 36765 6628 10211 8916 23362 6643 45770 26033 49337 47520 35604 35146 35964 17443 20755 13678 49740 24893 43507 47550 28306 20489 23922 38429 5648 16328 49497 10715 27796 7751 34009 32546 29077 26856 35051 29423 1323 13789 38835 1090 9919 28199 14030 24024 26013 49819 35555 49820 19755 29686 14797 25675 35556 43643 524 28171 2462 45236 22648 49339 41345 37241 2073 24625 18950 42783 30917 417 33964 13052 42728 16777 4826 11952 7690 14400 42060 15641 6916 37530 16188 40585 40500 26108 43473 37977 12147 18530 29409 41772 32606 16920 15473 38690 15576 33730 34250 48697 41018 39596 30751 5501 11842 32521 30813 11725 28172 45252 37223 47123 32308 49031 17726 17014 26921 44227 66 33415 25519 38757 28644 199 34373 46413 5961 34866 37125 33009 19996 14486 21595 30038 23020 40392 38672 27314 1184 28459 40946 5863 6986 48031 12623 32351 26890 46992 33850 41332 31087 5732 48678 47107 5037 19678 31281 7626 9063 43844 45137 25285 15617 4002 19045 13188 17406 12275 37271 43427 27035 30995 12438 13019 12375 43108 24401 7166 20552 46848 15522 8279 19417 39306 9253 1668 25379 12433 35849 5528 22039 46837 22476 15386 35971 21839 1749 11180 15041 47595 42239 38616 15258 45379 46846 36064 47904 35832 40079 1806 27810 2981 22254 3559 45091 22606 5178 4121 26709 16242 44717 24013 44358 49867 47446 36132 39433 16109 6364 17160 1752 36939 19451 20268 30797 13143 22033 5150 22193 15848 43765 27735 10925 46043 9091 37534 6769 45376 35606 38093 27249 8585 21881 26312 25855 21487 40793 18144 18318 34970 8259 35684 37315 13579 26739 16593 499 14647 7884 43810 6599 10914 5926 27730 76 11550 22785 42702 39885 7073 39013 17478 6650 5331 45720 3607 15925 4264 24037 33536 6776 33394 13167 42586 28538 34348 9533 32833 48306 24455 21757 10282 22017 26313 48386 21153 42998 20327 35074 45129 24193 21652 21675 46130 38947 5932 11689 33551 19557 36722 39729 18922 28958 17047 44037 21624 8514 41012 31587 22406 37357 42297 3198 1732 9116 9903 18432 42214 29815 43082 8710 15710 22796 12103 39390 43135 20684 48290 31287 4480 43033 8965 23672 9412 8592 19550 41558 24859 34224 27396 46912 36324 43693 11642 6330 36550 29555 1528 32843 25509 12286 35479 46626 22800 5933 8098 41326 20173 43066 5566 13435 36977 45458 26634 8393 21501 18073 12942 49221 11022 43064 48466 6117 9117 37408 11225 2338 5170 18076 28046 34876 22351 34867 21532 13611 10472 30161 29261 27066 33179 21875 11215 49726 17718 42565 45285 39969 13691 21135 26484 15562 19203 31135 47948 49498 13222 21325 25328 36844 116 37218 1894 11736 7418 7817 13638 25518 22244 48299 8155 4151 12094 31925 41243 22997 11908 14377 9090 11462 2822 24568 25208 27121 40206 8134 11573 41355 12695 15251 26529 31764 28339 8111 20054 2734 10723 9407 24939 47100 18910 22874 2830 43315 39920 44743 4400 32413 46361 25707 14623 41200 5822 11502 49374 5978 12852 9706 8517 44454 8848 11224 36204 21006 37333 22988 48608 13120 18946 13091 32328 2977 4262 25205 46115 46757 18367 10117 33383 28237 25785 25553 43703 33667 19396 48851 117 2011 12228 43083 45387 27724 49585 49636 35044 48129 32261 8862 47623 4506 6312 2641 24632 12934 11846 24289 28458 8448 8651 41868 38360 3397 17934 44641 26594 31370 21237 47204 15259 28258 2406 35835 28490 36382 6918 37715 46178 28443 16385 1049 16335 14874 12363 3456 8886 15507 30356 43615 43985 20745 12269 15295 45270 27697 28797 30909 3186 28486 42419 46832 43418 5377 8303 4952 36302 35187 5588 37367 15685 21743 802 22736 40544 41945 9864 13704 1014 16263 8329 44043 3097 24457 9193 36146 32362 25345 33273 20076 6709 45602 21100 27731 47001 42215 14706 48242 36820 12841 26802 37672 21300 9510 21974 2257 24909 31950 39683 13868 14195 46547 12746 28723 17349 1713 153 16775 14309 34686 37545 39284 40312 10094 8131 11464 36822 45449 38673 12873 8115 47434 43906 19324 44438 18555 560 25347 49063 7446 24296 37568 31101 15739 5625 30621 29465 22645 8745 36793 32599 22444 43257 27273 36746 5918 28630 41761 40696 14285 13334 3011 13497 27565 25462 3648 29170 27309 21611 35782 19652 28205 19411 49227 21849 38597 19959 43655 3950 24555 89 25232 26708 436 37912 28134 11871 5367 5958 37877 18080 14241 4798 12940 19590 31664 10891 35525 35682 16106 47592 38890 1065 21045 22167 40607 24300 4296 10406 2118 25938 28711 7086 42524 47503 31197 45832 18778 19124 31080 17797 15066 22390 48026 5215 2520 23134 9585 24782 30782 40617 17954 1492 31930 3741 42121 5388 11107 17470 34588 37442 8311 20106 34636 14705 98 73 21534 15885 19666 38019 21267 18079 9817 38549 31989 45606 17421 12160 38376 32469 47572 23872 17614 7721 29471 28078 15954 9669 38087 44800 17696 24699 15516 39232 17638 7275 37540 21172 40626 8775 45185 20073 9321 13590 27168 10797 36296 26494 3942 26320 2782 23018 38405 19675 25818 24507 11092 25179 38758 40993 35992 11002 14430 43178 10199 4595 15888 32607 8588 25404 36221 6391 35807 49602 9095 11358 1700 31819 25188 9998 12048 40572 21538 26375 34466 31666 3020 11419 32659 28174 35239 16628 26798 26944 3614 44202 6635 20230 11849 9107 28315 16634 22512 29578 26357 26782 17320 48793 1846 3658 37744 21130 2980 38242 26055 46450 40068 18159 22632 37670 40241 31676 25720 20873 16229 27752 8072 23519 12136 3509 15608 4181 44912 21815 32152 17124 21785 35277 42814 17415 12678 3833 28739 38724 35304 32319 47831 42596 20004 24948 31793 21780 35949 12648 16848 9139 19002 39505 47736 39206 16974 28770 14694 32199 48733 13419 20671 38498 6189 28672 9918 14350 17411 36032 45803 12404 28239 38609 25447 21331 25563 3810 21248 19982 7147 18608 28324 17032 26711 34809 17075 33935 6110 44974 32942 44512 22251 6631 30193 47036 22432 47753 13296 41437 42409 44658 31491 36362 4612 12726 49578 42675 11200 1734 9178 42630 32911 21411 16153 43758 46087 11525 16416 18563 8338 46327 33924 33423 27611 42301 25614 10660 7903 19472 16165 28219 44497 40093 43229 2881 24285 34299 17602 13407 37286 38142 11293 43102 10853 17153 39907 15921 15263 34571 10538 20793 25476 40742 16973 37150 17544 47678 9108 39722 13031 27801 31544 41539 29823 29039 42589 49774 44447 27833 34721 30118 1232 9453 29978 5103 45900 11482 13739 13180 43848 36136 40789 22098 20600 1047 3342 13290 19112 46247 32274 38407 7856 32621 37459 7797 33259 13517 40891 37363 40512 47655 35142 17173 2298 43274 8812 19442 10033 44653 28021 35023 41006 3263 5111 46850 38092 28069 33558 22660 42233 27782 15736 28838 42227 35242 6996 18187 567 12890 37458 19099 39067 32759 23171 49521 22649 39370 12909 44856 21975 16807 12543 46852 49689 13595 38959 9127 2654 35962 47568 23643 7003 5751 46405 31872 16734 24932 38533 30063 6010 4246 42149 3469 21879 12862 41076 28432 42460 11615 20652 22196 36894 17799 24677 2145 33091 43207 44616 22466 3064 46232 43905 13593 23318 30730 48905 18899 17552 46289 819 35920 28487 32359 26876 45651 44791 40099 26156 33778 46706 22249 13705 22188 28343 37227 10986 22180 16274 889 10725 12834 41282 48560 25781 5353 49605 36314 33076 18734 34856 39980 47958 42933 31257 46570 40719 33357 10376 9244 43403 21404 39027 23886 43522 22460 4530 45002 19509 48959 15940 5027 11891 15480 46705 11471 42464 8275 1945 4424 29942 8109 21194 29961 22753 5094 25993 45123 10720 47633 41869 46692 38881 44981 29475 47189 2546 48858 14968 31290 6548 15163 10862 31749 38485 21293 9752 22088 3811 26329 1097 46187 25358 4412 29647 13581 44349 49728 31867 31149 28456 30594 37807 18336 34358 46341 28585 4435 22841 29382 45367 26006 34123 24703 7889 13341 21114 11235 21623 19444 20242 4445 8184 34076 26866 399 17204 27783 10850 33854 33843 36467 14924 42078 11455 40176 10993 10148 42959 21201 32386 40433 48705 35524 28445 23137 20410 45454 17944 39676 927 28376 21548 34318 20515 41337 42285 9100 23551 26380 36358 26489 3718 12522 37428 48492 1325 584 35837 33898 40397 46674 42646 46540 25723 41954 37378 22733 7981 49767 11722 39494 47557 15572 5089 17487 9340 11272 8308 39384 41377 44452 49115 23501 5538 23173 38307 29548 43923 20765 6926 26514 8924 7395 33580 20322 36408 39646 46147 33832 36217 786 41522 33482 47988 1584 7556 2767 15261 496 8617 8598 35997 8904 17372 10517 48125 22778 34000 28605 41234 36480 21063 36973 20368 35775 19213 34558 24708 38928 10812 8468 30211 5771 5570 10576 3588 38982 6775 10058 3983 24228 20462 2716 15978 29433 32070 37169 25789 12893 33516 2847 36137 25662 21234 320 22787 6566 27400 31679 41309 7805 21163 5641 12007 29434 33623 19214 23068 31169 4794 44105 45294 38387 25273 22667 37299 4390 12877 37983 16900 32097 3975 20651 8162 27605 17909 22671 36826 7637 3575 27507 4023 42174 37752 22905 12441 15850 21352 11237 18923 3124 22128 20681 9122 17515 33773 20420 24313 20014 2307 19735 46239 9719 40717 21216 2601 14138 11232 41951 12424 19108 16665 49647 27336 29209 36516 17287 12587 45413 9489 23753 37293 893 46643 34370 45533 16806 18756 21978 49785 25203 30665 9080 29106 39699 7013 45162 4775 18630 10624 27219 40179 6663 26330 35802 10505 27699 25118 18917 1081 16909 8747 26177 41707 34129 20562 5368 44853 49232 29981 26506 32324 17378 38022 40931 21724 29854 47908 20884 34204 29590 49401 3586 1863 26652 25605 42501 17738 19273 14260 35724 10301 34878 9641 19461 44557 1608 36628 26097 9255 22561 39967 5841 5866 27311 15510 22569 41952 40306 30207 3969 17404 11158 36919 7647 24820 31730 45800 37738 3058 39086 25159 46940 29027 40575 14040 10837 15124 43119 26479 46184 10646 49235 26502 1433 38503 48921 37886 45692 39723 11075 6016 20400 39222 49474 29391 28193 18522 29052 16833 16999 18859 7193 46710 28213 28108 19082 32652 23055 7023 47166 1759 35380 31337 18366 30890 42211 37603 34301 15988 13482 39440 37261 8089 16652 41844 15220 49547 10965 25807 30127 8583 1438 34315 10864 32637 2324 30003 19170 44413 30623 19436 46766 3526 15215 21710 43127 39846 752 46429 31812 30013 32699 34205 49715 34186 20795 6678 15341 31707 15611 20634 41927 7983 33450 28402 36678 39760 45550 30042 37872 48382 39922 44274 39672 8891 6953 48802 3305 40374 22975 46783 45917 47802 20507 38675 5823 46564 47800 31472 4021 9543 18964 43879 12123 2191 31306 34307 3282 41865 48210 497 37076 35511 8158 45282 2371 26306 49001 25929 42077 18454 6124 43087 27864 48347 1469 38920 830 34102 5164 42500 49110 23940 31619 16104 14700 9201 30024 49858 9419 22677 6008 24390 710 40460 44363 11067 4062 34259 9282 15388 46812 48022 9269 19684 36112 7100 27567 12526 17889 7550 25384 31651 2819 8720 46360 7964 29032 27078 49346 26382 37485 5560 16266 42400 438 16643 44060 43886 48378 23862 47879 33224 25923 15964 33865 16175 5921 20592 33360 48721 37289 13961 2989 16351 45520 3416 18473 31594 12394 11841 19232 12466 18389 48068 2899 18255 40175 18528 14399 5619 39724 41287 46826 26553 44568 263 9291 9062 31965 5275 17724 25739 33043 7966 40038 18308 45034 35171 27927 25254 49847 1367 39092 36449 16994 5947 34320 13647 42511 11739 16782 5160 45020 17304 7080 19713 37391 45706 1405 7055 33142 5452 3562 23921 16424 34956 22571 40313 30446 16691 8529 14719 29658 38775 36306 8603 48345 33808 1973 14948 37793 6220 33269 29055 35871 39251 201 32004 34248 27003 22455 46831 49840 29080 49080 27474 34495 7881 15385 33007 17580 4202 630 3569 3060 5867 10784 39590 17905 14460 14790 30431 13845 11647 1632 19922 21446 6795 47379 32937 3362 31214 24268 22500 22349 16246 49386 13913 32115 26646 6568 22127 19571 24050 33020 49508 10001 37565 24331 4681 12995 41766 21511 30856 31820 46406 44066 29635 22489 3812 41119 38459 871 33759 16890 37188 27916 5726 14248 35063 1031 28852 12517 18904 14791 25710 27819 14988 9772 8055 6680 19616 9177 18173 44129 30401 3610 12808 13278 33299 8689 39443 17806 13359 463 17237 17958 28077 23139 11605 29878 38528 12888 48607 3938 36484 48648 15301 43620 15669 19271 43434 32657 6266 26899 32114 24998 2538 685 27949 2394 28993 2437 42162 43839 8186 15299 44135 45928 33368 15629 12227 28511 34566 42006 16338 47413 36188 8591 28123 35320 40364 14419 8998 29523 38000 41402 31890 29582 30113 9258 18067 40711 34517 13093 17184 1300 38299 29410 1213 27399 48714 25366 28717 24531 31528 39445 39695 18437 5180 6695 16098 34830 11453 2960 43218 23986 47765 10357 38840 44903 23213 29997 19796 13767 28572 17941 38128 34696 35777 11682 13903 11256 29057 25541 33834 18262 31046 6716 16520 27574 34902 31963 42602 5096 45862 41629 39841 7245 45701 48988 7150 12422 26616 45976 35612 47931 15517 18372 24876 23983 40577 40560 14892 2366 7236 18991 2717 8370 21831 27875 34801 14371 9784 14597 41652 33574 42329 24672 26880 49520 16886 16379 4720 17918 7495 10641 37343 20482 30420 46867 26836 41800 48303 22365 32614 11535 16513 17209 13173 25724 27049 23121 40554 18406 20799 716 41960 10422 28157 12403 28464 30531 41807 11549 8653 39277 36587 15468 4834 17013 40687 14812 14535 24428 24805 49342 30257 1658 25521 2455 26282 26377 36564 16415 5922 36624 26696 25655 43423 28650 941 11715 16872 23046 25104 23668 23953 18410 35622 14995 36441 34174 4323 34957 7672 41298 47769 13013 10138 17627 30988 16950 37598 23220 28766 617 34395 43608 15373 43524 17682 35668 21470 15677 33068 47235 45395 23440 32867 34097 26428 26167 26381 31626 17663 23633 13523 39238 37448 46677 32853 42756 42345 2449 26975 7034 11534 29543 19031 31996 23803 657 42439 17674 42628 6268 47054 7840 15801 3284 26815 11974 36445 46112 22541 23903 33072 1540 19585 32196 44507 14034 1814 47558 23955 28384 11371 30316 12343 36800 26924 12950 46427 19927 41576 19222 1532 2639 1173 46641 28559 31182 36469 16321 313 3618 5428 27824 14998 33540 24972 38250 20118 42932 5853 18361 46062 45408 23518 4488 6815 1871 44487 41016 13485 6032 45622 49213 30734 33159 20 38416 18153 32728 6431 19605 45057 40110 14336 45864 9645 18705 46691 23737 16387 42296 35970 208 7997 30149 27556 38380 35982 21999 45355 32570 24336 25833 33174 1639 47076 14357 48762 19376 6968 9491 22938 23631 1270 28625 18711 31237 34094 29148 2993 48443 38941 6886 4430 49313 30054 44261 38991 19463 32294 6373 4293 3703 46028 41492 44623 24288 609 24942 3227 4937 21583 5151 40133 26974 36451 42526 32854 4509 5091 45573 6657 23195 25805 46141 27569 34309 25635 45961 15863 19401 30960 17518 26116 19334 48233 40116 39328 35646 32269 27821 8234 7827 41410 30810 36751 33686 37564 45924 15141 49427 20700 20253 5249 39807 34378 28868 12495 17748 17238 35847 14785 36899 23024 2910 23972 17962 13890 34430 12826 36767 12968 26822 35640 9659 29507 277 36118 16460 39475 21576 11987 42706 12218 48849 4670 44122 9038 49658 20000 20599 38643 35725 10453 25094 8049 19674 44711 24540 24317 46605 5748 17701 9298 24824 5786 12932 12463 32259 30649 48883 15131 16955 9285 8405 403 8244 22626 34281 4732 39295 24592 41093 17782 11230 18215 47681 16192 19788 42179 8297 22895 12385 46293 16987 41803 46441 4191 10467 10808 17213 8199 29335 36703 38980 19323 44539 2695 3846 44792 1695 35898 21326 19715 22587 44558 33351 6669 20943 22907 49113 10749 38856 39753 42879 27239 22270 30301 17042 20597 29111 7072 16644 2080 24126 35543 3925 49934 25834 1013 21510 28657 13426 850 5277 34388 42036 39896 47725 3369 39258 28830 30896 28567 47276 24504 34319 2534 15310 40391 2432 14063 37914 45354 28420 597 44283 25302 23251 13252 26088 38829 4260 22013 30184 20089 47603 9798 2438 45549 7125 800 42579 7949 32900 25838 26113 48855 12733 13150 8245 25583 5894 6749 23398 21586 22944 42563 48620 24532 19698 471 21671 39389 36650 10752 23130 32559 4601 41313 13364 27874 12300 48561 11648 40888 12920 7018 8444 29477 38024 35805 38639 43542 30690 48639 26966 15381 47609 30434 32876 4813 36042 100 22726 25435 2857 35908 23951 27043 20150 17802 5011 33785 22096 17991 38852 15159 47614 8029 21949 21165 14494 4868 43760 32646 21597 36432 3716 39809 38539 24886 45041 29222 1507 42053 26020 14853 46022 44798 26482 17582 35059 40502 10403 10236 48631 47077 42017 4403 47795 43715 39202 9363 17893 47505 27135 24088 47374 14043 3808 46627 43573 23942 32265 47380 21496 47310 8554 32679 31994 4940 44829 27006 45280 26848 17983 25309 8094 4313 40884 34828 20809 31673 12101 21026 38742 43852 21471 8042 30605 10860 8125 23497 29932 38907 38168 16169 40938 30414 7783 15318 9457 18128 36105 14197 48891 19835 30322 23840 1486 24425 4991 22146 8380 907 7541 39773 29363 21477 6104 16273 3533 176 8341 14515 46253 21262 33222 32278 38509 36609 8056 15448 33161 14271 48676 7876 29867 38212 12025 3622 45018 5837 13686 4384 25006 20887 5831 47350 38891 38060 25665 9451 11057 38926 30162 7535 13876 23958 37519 14463 34715 17052 34079 12629 15309 19072 46701 16007 25460 28179 14541 25626 42885 40406 10458 43884 12034 35156 21115 17170 19261 14174 4966 28986 39124 2667 18958 9595 35580 36026 46019 19556 47478 36145 33688 17045 37088 30982 3854 26607 39960 9673 25123 48441 39721 834 9482 7898 27124 4287 750 12066 24929 20968 19033 48069 20720 27776 40437 28622 38978 6332 28044 11922 35212 24969 20446 25436 42170 33781 3910 13583 47961 13992 2289 6210 33668 28428 1133 15721 34265 36122 47362 14029 36763 15156 15703 35443 32826 27137 4487 29775 27123 7630 22658 25606 9725 15886 4448 46223 18392 10251 23650 41932 43574 517 24954 10771 9434 48135 27930 3915 25041 28249 30956 38486 13993 49894 7371 46364 28411 41439 41751 11806 16162 22530 40909 5996 20294 8140 2003 45039 2582 41213 33354 20278 44050 17565 43735 44509 45420 6893 27438 2235 47735 2972 2684 14847 25280 21641 1266 29825 45493 41770 46209 25424 4245 1365 46879 107 48566 4329 6943 22125 49071 4568 38624 12528 19579 35558 20969 36757 31981 3511 19331 48200 30847 9826 1832 27689 33709 1363 944 24188 9163 11632 25246 22941 49786 32410 11406 20458 35370 9490 28796 17526 28866 15948 43189 20909 22410 2609 4650 8482 39342 38655 43246 25000 7001 4197 43818 17688 6727 33552 20749 11459 26046 31529 42066 37997 39970 38198 2303 40667 4803 23187 22237 19384 26279 8714 32140 19754 29183 33720 28471 44245 12042 402 11051 90 32010 4325 30199 27741 1877 30752 44516 5736 5319 43968 15680 42726 36405 36945 11216 3320 9564 1633 39271 43727 12340 46516 36596 43581 33658 29796 10354 47468 42437 20879 33100 24176 287 22827 12210 36434 4094 40802 10380 49236 20237 1996 29728 46230 5403 44999 27651 33657 46659 39414 4020 7993 30613 31011 39064 49300 46820 18940 46894 40428 6962 18084 46549 22463 3501 13026 40873 31596 4942 40954 40738 12011 37290 40998 36737 23996 15351 42689 9362 49264 16893 25330 

Componente 5 (tamanho: 1562)
Vertices: 15 40879 23703 1903 39110 30552 35116 42525 22856 43021 4710 47161 11129 35651 772 44881 5581 47396 25333 42739 4718 47219 41118 46915 49687 14693 46976 2422 47635 34677 29529 30964 49166 43847 42917 35022 37268 6315 44956 13433 47388 35123 24350 47269 22370 48973 9155 32185 11036 36655 8016 16350 49310 39638 41292 28029 42598 47673 43767 29134 27514 18108 37288 46571 30721 28755 29917 23436 23543 43091 49581 44862 41267 34156 30685 46583 27681 27558 6473 4410 6735 19194 41424 46446 41362 35490 21243 33479 31641 9009 10756 28689 47819 33085 21296 19940 36016 21395 36755 6337 28137 6030 40036 32676 18966 12518 18752 2901 3869 35371 29948 4816 4742 37632 19816 23141 5576 2877 29206 21922 8950 27089 31766 9881 35613 41920 20141 9197 5445 32254 46616 33301 35062 25971 45631 28616 30777 14154 1503 43328 47737 30405 4355 8549 49638 11574 37775 42271 24618 41706 10140 5415 21929 231 30319 3166 47040 39862 3964 41133 16012 2377 5060 5745 49735 2439 26750 43265 4291 29668 22164 17623 46296 35772 7261 46160 11507 20911 49173 46671 12341 30154 19204 30278 2212 27253 39843 23088 6129 30326 6666 40509 1346 23270 46986 19135 30317 12570 48301 48397 36980 45731 37185 20963 5574 4774 955 32120 30830 15100 20556 30779 27313 16519 38629 14876 45331 31893 19948 13202 25860 44590 470 49153 32240 16368 40373 48677 1887 29655 9581 39344 7679 45245 41077 33791 34894 9848 41043 42129 38812 24325 20716 14455 33662 8100 33847 5340 46601 1550 30345 35747 2295 29109 39241 38650 14266 570 23590 3316 30213 48996 31057 44846 27807 34247 34628 34582 23056 37036 700 35906 18113 33045 3292 9760 1250 36905 41648 13121 21400 34845 49249 29321 46736 24797 38013 44667 43308 18836 32615 20787 7547 24179 19642 44234 44992 17751 27025 8319 25962 3308 43876 15532 19060 45374 3773 41556 23838 25312 24830 40967 35829 38010 22082 40610 47376 8936 880 42252 36490 10936 39176 43111 37710 14925 11767 41656 16930 45994 24722 41293 1978 7846 17112 5424 16191 5122 24674 45642 41178 30755 5095 4651 48427 45734 1392 22032 7872 47968 49773 35460 377 39557 37808 23829 27995 1361 17164 20662 982 29339 32776 17381 12081 25011 36175 22777 27527 36949 11079 34789 37610 15285 4503 8805 31154 28227 38523 39365 41590 6459 8019 10770 34779 12469 31072 45813 42719 45893 29866 39265 27105 12700 33248 16463 3583 46960 29108 37031 30323 44524 26362 47984 5102 40126 25514 30516 48963 17226 41609 40685 41250 3677 46734 44566 3728 2998 6354 42826 39458 443 42634 37721 10579 24965 16798 24256 18475 19703 16604 34665 45224 9993 44264 40183 1070 22738 7264 31597 27765 45671 38156 35324 13551 12095 41117 22605 18656 8652 8494 7999 21184 46887 6084 34288 21295 36149 8623 13844 36355 46388 34458 12987 25183 21081 45556 7829 14596 39268 41334 6992 4635 23078 34671 43521 36350 34666 255 2965 21378 45434 1114 27464 45468 32567 45029 40950 30191 9831 43474 14137 5409 8645 5727 10833 41893 25126 40298 5572 14451 16887 5400 21622 5671 17568 39616 21602 42446 42678 20628 36141 44429 42371 40027 23702 46047 32370 15771 11980 40916 18104 47202 742 11870 34465 46211 48775 2479 6624 38970 3724 2864 47538 43578 44401 45385 41433 37888 7987 44917 37969 30270 4406 27662 35278 10620 10314 29065 28573 34437 21403 45371 48685 31908 22916 21138 8907 48535 17796 28757 6646 49708 7862 24384 21782 27450 26211 38346 40278 2151 22994 11950 13687 37810 37731 29086 33681 31262 42459 43663 25571 9138 43932 45086 27386 265 18534 5944 17818 47196 6285 14024 41941 13088 26099 2551 13501 27214 38603 7965 32822 17264 32044 37633 25222 46269 11740 11512 11190 6086 10155 42441 19256 4253 12195 29297 14191 4658 3015 5172 26401 35649 42541 35289 34014 22323 12334 34502 48540 49005 26631 24853 9955 2632 5508 31960 25438 17365 42654 6687 33460 47989 18798 36856 29451 24007 16014 6419 10727 11585 45342 26391 1341 36941 41523 25426 40182 38286 20752 29784 7521 15043 47281 34193 47714 6675 32015 49226 20517 47150 1707 9223 11070 21969 7006 24010 41231 23989 3630 30929 27189 49757 10105 34516 38576 31731 45995 23599 6948 36195 21924 40273 39095 39785 28562 6671 28634 47322 511 48766 21347 45986 11458 28902 38760 20211 20935 26579 41775 30074 2416 11479 39190 6929 33761 4142 337 17286 15914 8467 34868 9294 46054 1423 23750 43944 40248 44945 26111 40336 35767 8660 4440 5304 6682 7957 40049 36005 10294 13603 21336 46185 9397 31927 17215 18135 22049 26248 14109 35233 29469 27429 8637 32423 21982 1591 10968 34132 10832 4413 18683 27932 1493 32870 45491 3472 4588 7025 33951 39132 46779 42919 9202 9958 41253 42802 68 44605 35347 21362 304 32158 12333 9051 45516 26544 10285 2440 19321 41719 24490 12274 28344 27262 30228 2651 22438 45459 33659 32722 12886 19519 20919 4719 20036 7223 4550 43497 17988 30440 14457 35258 11093 23934 14659 47203 23659 25828 23128 40631 2490 49400 45733 32807 23428 18480 47178 20128 16156 20112 36925 33290 29125 18412 8766 4434 34632 18545 27760 19190 46969 1406 47658 22558 44866 20110 46687 34277 2312 23747 1105 5987 18724 3417 841 22685 27870 36868 35492 29390 10776 2823 43329 31340 11777 18638 39097 19747 29725 24562 14276 19531 40415 25117 48341 31438 48229 14037 24109 19943 10021 20005 81 32354 23110 46891 42453 24721 40409 14485 23773 5466 20548 30377 42984 10904 30760 35550 46554 9686 37012 30992 22347 44495 40356 38519 7651 49384 42281 22326 29241 7905 4500 13803 6446 46431 19147 8088 34397 18228 40203 25014 11119 13741 31716 38480 1147 16320 1775 41914 25508 37499 37161 38638 14900 42659 5477 39316 33978 47195 9775 39122 27555 4067 15056 3223 40664 12879 4429 16889 2624 26397 26942 20819 18604 5834 22978 10747 41331 48642 28242 28588 17482 49050 46245 7935 42867 23439 41467 4875 10520 29342 45131 46555 16399 29123 32673 6261 16862 34533 47057 17219 35958 42000 36486 13194 5990 9129 48640 11595 43987 19989 26515 46942 40650 25504 32725 45243 7922 6771 11590 34420 40803 15907 47584 18908 48847 16837 37901 7360 16226 18077 44790 24980 40637 34626 48958 35199 37762 46159 8124 2175 35735 42402 43190 24572 26140 30645 21430 12957 25602 1459 9662 6576 31360 25083 21577 24134 49371 13063 20257 10322 43560 37451 35707 20393 46201 1683 48024 10596 42609 41451 10791 19817 14675 9854 41892 23814 8082 46436 36036 28859 15083 41638 21855 17377 42581 3412 33070 8849 47320 15852 28397 48285 24488 25291 43217 30183 28810 22813 25510 42999 39617 2167 42737 47683 22381 36886 29482 6875 34360 774 25942 39747 42452 44627 6557 45394 6593 45685 21640 1776 5245 43786 21484 27822 11309 15371 8595 37950 27828 12410 10705 28368 3134 41843 20220 39599 18015 5439 30237 17150 12119 6023 43096 40535 23172 32525 43534 19867 11091 9982 24239 23785 18819 29344 521 27987 39431 48207 44053 47946 4548 9297 22275 36603 37204 44549 49450 10297 23863 14145 30663 10129 29540 11544 14072 47445 30251 30202 6101 6633 38711 15167 4659 13502 10704 39789 34077 30878 19749 46489 42874 42307 43707 966 5830 5484 47420 340 1741 25217 33774 10912 12028 18375 6810 16307 35714 13800 26819 8978 11817 23170 40524 667 20816 9818 1304 18357 5516 37139 48081 6964 48418 2230 35710 29727 39435 9333 37589 15647 30479 38160 10829 48114 8656 12875 28267 9872 24628 31760 23135 34158 5140 43784 40281 44950 23081 28240 35151 5683 27929 20986 11059 15999 45967 20337 21034 10688 9502 16360 25752 38721 10265 11546 39249 18569 21767 14231 4889 2127 13573 41363 19479 21278 45218 1825 20512 17823 39570 42361 43883 24812 42622 49568 2766 47933 30290 12336 48690 37329 20291 21657 19838 1710 31322 5128 45710 43796 29278 29962 30508 15113 5776 14760 5587 29776 49525 40907 40762 24687 37058 37199 4273 32650 14973 18183 22286 37640 34638 46248 39798 46073 16912 49615 14023 36499 17111 24655 6741 12795 29648 38857 45645 39779 44194 1329 28367 39426 510 41208 47234 29927 14975 17611 48831 33375 3881 17677 36567 38976 37727 11351 10319 49541 26936 35781 21541 45074 21125 32144 46811 5335 30163 6222 27404 33755 3437 13861 47206 32512 11255 37180 19313 32513 25385 12383 8819 8490 29277 1957 4703 34685 34253 341 26333 45416 26844 13331 9975 7043 25079 23907 43733 14761 25513 23098 8256 14149 381 27166 16786 7263 17644 39072 4653 15227 32058 25765 48598 29748 9583 9459 40761 12159 38059 41741 11015 37533 18609 828 17922 36733 30312 12541 30848 7677 26394 25987 9492 45423 20989 6613 10744 35263 32968 16906 42152 3968 29438 35669 1349 24917 3438 36645 27005 49732 28607 37444 41574 27746 25836 258 2652 7076 39266 49412 46590 6040 31145 27489 37496 27479 28888 43224 48063 49426 39913 39321 41311 37330 14209 28363 47108 18743 30419 12293 22411 32315 45228 5940 1485 6369 23801 48332 44867 26722 24461 36061 4921 43922 39691 2880 43020 4623 19192 24408 6402 11123 32793 27202 14870 11318 29593 3579 39239 40191 20030 43487 1774 34178 43228 48203 7423 17970 38782 10200 23665 1795 32755 4058 1857 28436 44186 34610 17925 7899 18017 416 29682 43563 4855 38952 41167 1827 36983 41057 25230 26142 33745 45437 7355 29341 7438 24438 17030 40994 12056 49185 3679 15350 33916 29653 43299 10392 2723 48651 13727 17692 37146 30070 7279 2216 31579 10916 39575 15646 46552 45036 33851 11543 37109 28409 4272 49314 5998 10310 16935 26503 44229 

Componente 6 (tamanho: 781)
Vertices: 18 11082 29004 11677 10318 18083 15833 9571 12697 37843 989 8659 13920 8535 36959 43387 36999 16095 4706 20868 25267 28260 33006 19647 26278 12176 7383 16304 21110 47726 39141 19554 17844 44528 41055 12348 49493 42257 16462 41858 44379 44741 46742 20862 18333 20513 13765 41060 37964 41494 21424 32304 6686 8760 18525 47930 27102 31044 30008 41203 9204 26447 33355 30709 46349 12618 34548 40247 49139 13809 22422 36151 41338 43862 9541 22640 47498 35672 348 23734 21923 49452 547 16757 14252 6677 26797 30840 25829 11641 34371 46759 30647 3423 33242 22142 31374 22119 9341 38553 33059 14334 5934 15338 30128 2644 5055 10189 49480 36415 33725 25162 43756 27617 40269 29705 1142 3659 14281 7440 16509 45179 26352 35408 49382 5084 48004 20942 31983 42577 19655 9569 9795 32000 24407 13381 977 23074 8410 44786 29562 10289 41764 7173 5349 1203 4227 683 46272 15551 22131 49224 26067 24246 47561 39610 42064 8799 31435 30439 33639 11904 37263 576 15321 2077 40039 26612 41541 46007 36770 1068 40257 47666 29510 40114 11500 8177 13653 46523 44207 29910 42134 33874 44967 26029 3841 8078 31789 31430 2856 41898 1165 11249 2511 24318 12759 31738 16228 16196 17534 94 43466 19607 37344 15015 21509 11898 11271 14264 41108 30064 47149 24199 6990 43145 39446 39919 8362 39486 17262 22315 14225 40453 26806 31417 9093 422 43499 8635 42408 33110 31330 25743 9515 26423 1513 28708 36726 20319 40375 5849 863 49656 15634 174 22967 13487 14877 3813 26359 25902 41738 41189 6059 16705 29227 23966 36885 18417 5145 7199 41879 30912 16151 9286 46197 40988 37297 9714 34044 38790 1627 48645 4680 38571 20689 15036 21028 27616 7700 30062 34345 48476 10855 40006 38942 15392 34590 19705 47880 8360 2423 49680 23828 31339 28756 22765 31839 11570 37990 44643 2696 7351 29670 33150 16664 3019 31526 32680 3498 7145 49436 34239 30633 2915 36865 18821 31111 42668 16940 25982 19125 29871 12115 17314 12493 15417 49211 36505 33320 35081 12843 17873 27696 33208 29990 45061 9774 10151 21899 9917 10665 36119 28563 3963 45696 23429 13750 35411 16119 38963 16375 29877 10757 48755 19234 47935 1425 43462 35678 15212 29930 15116 6365 28604 16914 29306 16592 6809 46068 1466 45513 10400 17861 47698 8440 28115 17336 38894 12221 13397 37717 14167 48425 20612 47508 45621 32773 31458 14605 23725 17735 9613 39173 17240 17749 4665 45791 1027 36540 41249 5725 17118 24389 41849 15836 29986 3979 35653 1589 34786 33432 3637 1125 32329 16093 32608 44111 3891 24286 24665 35057 3354 41005 22155 41824 2148 8193 7105 46699 19306 4610 22302 19516 7431 13780 48537 12254 9220 1595 18894 40932 36876 22124 6495 38769 45959 4360 21524 40975 37973 44943 4728 15274 6565 27385 18152 14626 8513 12185 1769 47537 21676 32517 38588 13456 949 45868 17573 11043 27215 37592 15405 37809 11588 44317 16584 24787 18511 4249 12022 37989 22862 30825 17762 22210 19497 32057 23404 11047 43349 632 32678 20213 40832 42391 47719 47023 45249 29975 27354 45323 46873 42951 13863 45212 18221 13220 29279 12459 40292 14398 29144 12545 9925 31620 24391 1419 36222 22864 27957 35203 11559 13199 17501 25988 3988 45965 41591 3651 32882 38084 22766 9140 25693 34155 8532 20984 41894 5796 14740 1085 36351 41508 418 29418 24083 16454 29660 40106 34435 11413 39828 26491 10623 27633 28284 1772 18985 25067 33786 10320 2657 2811 41765 34173 605 2821 3143 23315 5366 34606 19086 29528 24583 20640 30271 6564 15206 30865 38027 44436 25913 29308 24700 28481 37790 36006 16521 10511 32550 29736 43061 11963 38491 10706 26066 46507 43131 12514 48544 15503 48807 39524 43562 33689 3711 48145 437 25440 28201 6135 24062 42680 26412 9868 36836 1609 18427 425 21397 27572 49860 41782 20468 27979 36805 1611 10252 2028 20267 17485 13782 22190 44319 23577 17649 8185 11150 25506 34651 28231 23048 22430 11074 9357 31618 22852 2419 14709 44038 33962 34064 22742 35003 11121 24416 33438 38940 46560 37562 35470 24323 42022 5062 30384 17541 14739 34969 42662 17234 37609 49721 32961 32583 9431 45317 712 10332 5897 23802 45007 8501 22780 33029 28740 9973 19046 41281 4238 13499 36544 13881 27904 31540 4869 27074 37829 5843 4783 39066 35134 22914 26941 39077 1134 4084 29740 33063 43943 2661 16569 8778 26425 38394 36838 11984 3531 31660 29783 27122 12052 24437 42309 14221 5437 4514 5505 13746 21317 34503 15950 13049 36444 23763 26794 5407 19352 13040 38240 1542 20757 9996 40933 32043 181 19496 44260 33454 5203 12679 49531 2666 30117 22700 43567 35956 26433 49777 34650 45062 13847 40928 4956 32562 20367 17256 6106 29078 48622 27023 23636 4867 33227 8565 25951 28066 5885 40702 13293 

Componente 7 (tamanho: 390)
Vertices: 35 3665 34849 45765 32176 39816 1432 30389 21102 19225 49730 28699 5502 13219 42401 18500 27353 14783 25983 27493 15652 47671 24975 32429 13412 10541 41420 37437 48556 6887 5354 44689 40014 27018 37414 28027 33294 1773 19043 38007 40583 27205 21901 46492 7289 12628 5579 28429 43195 18248 27673 49262 38336 47627 27591 9166 31602 20956 14904 7798 43309 11287 12457 22028 21960 36607 19722 47451 27276 16128 27814 8105 17633 16869 44993 6127 24633 28568 21229 21225 24865 43491 36053 4840 46603 40266 23697 15085 14764 39660 48525 39822 49652 41986 49454 27339 4113 39534 6562 17005 15501 25551 31184 20493 11206 25153 14678 8817 26492 16034 24351 29956 32891 48075 37072 40440 48834 25898 41680 24085 29698 10644 18247 26252 26689 5491 22231 43878 31649 22723 39357 24184 15566 15425 41286 5887 45535 42518 2442 36602 13598 4555 1060 27495 31910 32825 12166 9337 29696 35746 8988 15205 18239 31252 25453 2025 7796 27774 15375 13504 21560 1753 16713 42771 40151 7437 21588 7050 36363 6239 11327 35733 16918 18290 20614 22247 4223 3596 39868 26620 43431 1167 49398 11343 42888 34051 6116 17292 39802 24885 44728 35834 23458 47660 6528 8626 24580 47069 45193 17828 30714 18307 42938 46809 16361 20162 2930 36675 5522 24684 37859 48569 13926 25780 46935 389 39540 2111 1138 44408 8948 29693 6812 38338 5144 48197 14317 40429 23410 40476 23738 1767 39827 20920 29436 46233 49807 46925 318 13995 23471 48095 17282 29150 41513 21769 49906 32363 31659 39226 13159 25861 13451 25218 24015 4570 28425 4644 7429 34664 14794 17836 32920 4304 9493 19780 38853 48286 21580 33118 32256 26100 40226 6523 5752 47 25033 44267 45466 22955 8426 44736 13268 43898 26710 837 29455 4841 31090 28987 16949 6160 42791 37994 19843 7831 47996 26150 6737 9514 23124 4343 42785 22334 2533 35414 46718 18313 7216 14144 27570 5332 27513 27628 47389 4456 29627 21832 23455 37692 8504 43446 48715 46434 45962 48943 20293 17497 24598 7486 48313 40756 6436 29937 28565 49366 39096 40107 19552 14499 40358 33457 20365 29156 38115 14152 21440 9939 48243 3960 3406 40864 46445 24106 24635 26301 37625 40895 25147 39762 46888 14720 42404 32955 18306 2678 29973 32311 43529 11064 4693 25801 32573 1277 40291 8884 47553 113 7792 14803 41551 40887 38396 48703 28222 34272 36076 38905 18708 42159 

Componente 8 (tamanho: 195)
Vertices: 495 3137 11840 28785 22655 38666 36743 44831 23431 42377 21109 34063 25564 19725 29859 42350 14052 12916 12092 5120 30297 18370 45697 38916 6021 10137 19944 10249 37242 16552 39392 9235 43820 20565 32879 2703 32460 15905 6345 9810 14183 16043 36849 26965 9239 5442 2391 27718 49353 5602 10740 28141 6133 47792 2176 2725 28709 28426 20167 45435 26705 26957 8337 17249 20806 3917 33277 45207 32631 29498 27128 11516 46957 22484 42960 4501 21660 37368 22006 31223 48127 38726 16853 44681 24347 928 22756 31523 32849 14612 9208 29305 7849 8274 4117 11730 28975 27523 24850 14320 3191 47017 28333 16722 32519 23822 13998 30947 19188 1099 23700 4033 4800 15789 42106 42911 21275 22354 35690 19128 1243 2138 20675 46746 28669 43890 16251 27737 44359 40340 36848 5190 41724 41767 43375 2502 8970 24148 21090 39518 38283 37488 47176 40055 33408 39061 17650 34905 11378 44532 1907 31546 15118 21880 29373 46909 48962 34234 22376 26009 14711 18509 36186 6171 44047 45135 20057 13095 37141 46172 47381 28733 16176 43464 11688 35290 28848 4141 780 19907 49682 12743 24514 16784 16866 9325 1359 10043 33600 45522 13506 11439 30114 28261 10195 

Componente 9 (tamanho: 97)
Vertices: 375 5185 33181 9026 23176 30921 31858 31692 43537 10135 32962 8515 48234 37147 43540 16961 49406 20210 31174 46308 4788 47345 22698 46679 8194 11660 18659 39236 1155 8368 2513 2792 24588 17401 46843 14578 37461 31447 37114 38557 34261 11634 36803 31261 28526 35066 39307 8499 36930 1087 1461 22973 47760 28032 2504 14321 18715 38904 17473 1579 24996 36556 12611 31423 21312 27136 6588 16873 45779 19051 3594 15009 44907 21433 40421 22293 36775 32839 28336 38989 26771 15965 23887 28309 21695 29895 36614 41713 43451 43972 11813 42599 14403 34067 48143 12984 20697 

Componente 10 (tamanho: 48)
Vertices: 763 39687 45773 16755 37300 39512 1876 38766 42052 4200 44721 46506 35619 42087 41182 18879 21836 5791 29298 37052 19732 24533 11424 16645 2379 45054 27195 31142 7980 26290 33361 3410 27549 9943 8412 19830 33065 10046 17339 20454 44127 37464 43255 43447 47781 12828 27419 27165 

